month_start,year,month,month_name,season,pm25_mean,pm25_median,pm25_min,pm25_max,pm10_mean,pm10_median,pm10_min,pm10_max,no2_mean,no2_median,no2_min,no2_max,so2_mean,so2_median,so2_min,so2_max,co_mean,co_median,co_min,co_max,o3_mean,o3_median,o3_min,o3_max,aqi_mean,aqi_median,aqi_min,aqi_max,pm25_station_count,pm25_mean_data_capture_pct,pm25_unit_as_reported,pm25_unit_status,pm10_station_count,pm10_mean_data_capture_pct,pm10_unit_as_reported,pm10_unit_status,no2_station_count,no2_mean_data_capture_pct,no2_unit_as_reported,no2_unit_status,so2_station_count,so2_mean_data_capture_pct,so2_unit_as_reported,so2_unit_status,co_station_count,co_mean_data_capture_pct,co_unit_as_reported,co_unit_status,o3_station_count,o3_mean_data_capture_pct,o3_unit_as_reported,o3_unit_status,aqi_days_reported,aqi_calendar_days,aqi_coverage_pct,aqi_source_basis,pollutant_aggregation_basis,geography
2013-01-01,2013,1,January,Winter,231.36,,90.29,355.17,339.39,,193.0,498.42,39.9,,26.35,57.95,21.14,,7.6,39.45,3.61,,2.13,8.44,13.61,,3.86,48.76,,,,,1.0,93.25,ug/m3,resolved,1.0,97.61,ug/m3,resolved,1.0,99.83,ppb,resolved,1.0,99.23,ppb,resolved,1.0,99.93,ppm,resolved,1.0,42.51,ppb,resolved,,,,,mean=unweighted mean of station monthly averages; min/max=extreme station monthly values; pollutant medians unavailable in source reports,Dhaka reporting stations/city AQI
2013-02-01,2013,2,February,Winter,135.24666666666667,,30.59,304.72,212.12,,30.68,486.78,38.85333333333334,,3.16,98.8,16.26,,4.85,43.07,1.9200000000000002,,0.05,6.69,13.706666666666665,,0.12,62.86,,,,,3.0,80.01666666666667,ug/m3,resolved,3.0,84.33333333333333,ug/m3,resolved,3.0,82.04333333333334,ppb,resolved,3.0,84.52,ppb,resolved,3.0,73.11666666666666,ppm,resolved,3.0,76.43666666666667,ppb,resolved,,,,,mean=unweighted mean of station monthly averages; min/max=extreme station monthly values; pollutant medians unavailable in source reports,Dhaka reporting stations/city AQI
2013-03-01,2013,3,March,Pre-monsoon,107.74333333333334,,46.56,261.77,195.38333333333333,,85.88,464.79,27.820000000000004,,0.06,91.82,10.793333333333331,,1.81,42.33,2.0500000000000003,,0.05,7.35,16.07,,2.11,74.11,,,,,3.0,87.69666666666667,ug/m3,resolved,3.0,92.66666666666667,ug/m3,resolved,3.0,74.46333333333334,ppb,resolved,3.0,81.81,ppb,resolved,3.0,67.74333333333334,ppm,resolved,3.0,94.71333333333332,ppb,resolved,,,,,mean=unweighted mean of station monthly averages; min/max=extreme station monthly values; pollutant medians unavailable in source reports,Dhaka reporting stations/city AQI
2013-04-01,2013,4,April,Pre-monsoon,60.71333333333333,,31.52,135.97,115.84999999999998,,62.23,256.66,33.69,,0.69,163.41,5.843333333333334,,0.56,16.46,2.46,,0.05,6.26,11.56,,0.63,69.02,,,,,3.0,95.55666666666667,ug/m3,resolved,3.0,99.0,ug/m3,resolved,3.0,54.44333333333333,ppb,resolved,3.0,86.66666666666667,ppb,resolved,2.0,95.695,ppm,resolved,3.0,92.41000000000001,ppb,resolved,,,,,mean=unweighted mean of station monthly averages; min/max=extreme station monthly values; pollutant medians unavailable in source reports,Dhaka reporting stations/city AQI
2013-05-01,2013,5,May,Pre-monsoon,,,,,,,,,27.323333333333334,,0.52,90.09,2.5766666666666667,,0.48,9.48,0.7766666666666667,,0.05,2.52,5.82,,0.12,32.14,,,,,,,,,,,,,3.0,74.19333333333334,ppb,resolved,3.0,96.77333333333333,ppb,resolved,3.0,97.67,ppm,resolved,3.0,98.74666666666667,ppb,resolved,,,,,mean=unweighted mean of station monthly averages; min/max=extreme station monthly values; pollutant medians unavailable in source reports,Dhaka reporting stations/city AQI
2013-06-01,2013,6,June,Monsoon,,,,,,,,,38.46666666666667,,7.04,116.0,3.0700000000000003,,0.4,11.7,0.6866666666666666,,0.03,2.64,7.133333333333333,,1.08,25.8,,,,,,,,,,,,,3.0,98.0,ppb,resolved,3.0,86.66666666666667,ppb,resolved,3.0,96.66666666666667,ppm,resolved,3.0,99.0,ppb,resolved,,,,,mean=unweighted mean of station monthly averages; min/max=extreme station monthly values; pollutant medians unavailable in source reports,Dhaka reporting stations/city AQI
2013-07-01,2013,7,July,Monsoon,19.35,,10.4,36.6,51.333333333333336,,26.3,81.3,36.63333333333333,,1.63,74.9,1.895,,0.29,5.57,0.81,,0.06,3.58,8.265,,2.64,15.8,,,,,2.0,92.0,ug/m3,resolved,3.0,90.33333333333333,ug/m3,resolved,3.0,87.33333333333333,ppb,resolved,2.0,80.5,ppb,resolved,2.0,86.0,ppm,resolved,2.0,96.0,ppb,resolved,,,,,mean=unweighted mean of station monthly averages; min/max=extreme station monthly values; pollutant medians unavailable in source reports,Dhaka reporting stations/city AQI
2013-08-01,2013,8,August,Monsoon,19.4,,5.51,42.4,52.1,,27.7,92.6,39.35,,9.99,65.8,4.665,,2.0,10.9,1.52,,0.06,3.52,9.16,,7.99,11.0,,,,,2.0,66.0,ug/m3,resolved,1.0,61.0,ug/m3,resolved,2.0,90.5,ppb,resolved,2.0,71.0,ppb,resolved,2.0,86.5,ppm,resolved,1.0,89.0,ppb,resolved,,,,,mean=unweighted mean of station monthly averages; min/max=extreme station monthly values; pollutant medians unavailable in source reports,Dhaka reporting stations/city AQI
2013-09-01,2013,9,September,Monsoon,43.5,,16.7,68.2,92.7,,34.2,164.0,,,,,6.61,,4.33,8.8,3.26,,2.47,5.65,,,,,,,,,1.0,83.0,ug/m3,resolved,1.0,83.0,ug/m3,resolved,0.0,,ppb,resolved,1.0,87.0,ppb,resolved,1.0,91.0,ppm,resolved,0.0,,ppb,resolved,,,,,mean=unweighted mean of station monthly averages; min/max=extreme station monthly values; pollutant medians unavailable in source reports,Dhaka reporting stations/city AQI
2013-10-01,2013,10,October,Post-monsoon,50.1,,22.6,163.2,88.6,,34.3,355.0,72.11,,19.55,144.7,3.91,,0.32,17.78,1.3599999999999999,,0.32,4.67,10.495000000000001,,0.54,53.24,,,,,1.0,100.0,ug/m3,resolved,1.0,94.0,ug/m3,resolved,1.0,32.26,ppb,resolved,2.0,61.129999999999995,ppb,resolved,2.0,65.36,ppm,resolved,2.0,54.5,ppb,resolved,,,,,mean=unweighted mean of station monthly averages; min/max=extreme station monthly values; pollutant medians unavailable in source reports,Dhaka reporting stations/city AQI
2013-11-01,2013,11,November,Post-monsoon,107.0,,56.1,162.0,173.5,,103.0,339.0,76.25,,41.1,118.0,8.03,,1.63,27.3,1.625,,0.12,3.93,12.149999999999999,,0.45,60.0,,,,,1.0,29.666666666666668,ug/m3,resolved,2.0,46.333333333333336,ug/m3,resolved,2.0,30.666666666666668,ppb,resolved,2.0,65.0,ppb,resolved,2.0,66.0,ppm,resolved,2.0,56.666666666666664,ppb,resolved,,,,,mean=unweighted mean of station monthly averages; min/max=extreme station monthly values; pollutant medians unavailable in source reports,Dhaka reporting stations/city AQI
2013-12-01,2013,12,December,Winter,181.0,,85.4,268.0,253.5,,110.0,499.0,138.35,,34.5,273.0,18.98,,3.82,50.2,2.52,,0.09,6.26,10.594999999999999,,0.58,36.6,,,,,1.0,98.0,ug/m3,resolved,2.0,98.0,ug/m3,resolved,2.0,97.5,ppb,resolved,2.0,98.0,ppb,resolved,2.0,96.0,ppm,resolved,2.0,98.5,ppb,resolved,,,,,mean=unweighted mean of station monthly averages; min/max=extreme station monthly values; pollutant medians unavailable in source reports,Dhaka reporting stations/city AQI
2014-01-01,2014,1,January,Winter,182.0,,122.0,307.0,256.0,,158.0,401.0,109.25,,20.2,224.0,19.61,,3.63,52.4,2.8,,0.1,10.4,10.0,,0.34,41.7,,,,,1.0,87.0,ug/m3,resolved,2.0,90.5,ug/m3,resolved,2.0,92.0,ppb,resolved,2.0,92.0,ppb,resolved,2.0,87.5,ppm,resolved,2.0,93.5,ppb,resolved,,,,,mean=unweighted mean of station monthly averages; min/max=extreme station monthly values; pollutant medians unavailable in source reports,Dhaka reporting stations/city AQI
2014-02-01,2014,2,February,Winter,139.0,,54.6,251.0,262.0,,101.0,401.0,114.275,,22.8,238.15,10.004999999999999,,2.62,21.8,1.985,,0.05,7.66,14.8,,1.11,55.2,,,,,2.0,80.0,ug/m3,resolved,3.0,69.0,ug/m3,resolved,2.0,83.5,ppb,resolved,2.0,85.5,ppb,resolved,2.0,80.5,ppm,resolved,1.0,90.0,ppb,resolved,,,,,mean=unweighted mean of station monthly averages; min/max=extreme station monthly values; pollutant medians unavailable in source reports,Dhaka reporting stations/city AQI
2014-03-01,2014,3,March,Pre-monsoon,95.15,,54.5,209.0,215.0,,108.0,484.0,111.0,,12.7,243.0,14.363333333333335,,0.54,39.3,2.2,,0.65,6.97,10.254999999999999,,1.03,56.1,,,,,2.0,74.5,ug/m3,resolved,2.0,77.0,ug/m3,resolved,2.0,75.0,ppb,resolved,3.0,75.0,ppb,resolved,1.0,99.0,ppm,resolved,2.0,94.0,ppb,resolved,,,,,mean=unweighted mean of station monthly averages; min/max=extreme station monthly values; pollutant medians unavailable in source reports,Dhaka reporting stations/city AQI
2014-04-01,2014,4,April,Pre-monsoon,80.15,,37.6,180.0,167.5,,90.6,363.0,41.3,,13.2,125.0,5.295,,1.43,20.4,1.75,,0.9,4.96,17.1,,0.87,75.4,,,,,2.0,90.0,ug/m3,resolved,2.0,83.5,ug/m3,resolved,1.0,85.0,ppb,resolved,2.0,94.5,ppb,resolved,1.0,96.0,ppm,resolved,1.0,96.0,ppb,resolved,,,,,mean=unweighted mean of station monthly averages; min/max=extreme station monthly values; pollutant medians unavailable in source reports,Dhaka reporting stations/city AQI
2014-05-01,2014,5,May,Pre-monsoon,41.85,,20.9,69.2,87.9,,53.8,125.0,25.5,,3.61,54.9,2.94,,1.44,6.06,1.67,,0.35,3.36,6.84,,1.19,37.9,,,,,2.0,87.0,ug/m3,resolved,2.0,89.5,ug/m3,resolved,1.0,91.0,ppb,resolved,2.0,52.5,ppb,resolved,2.0,59.5,ppm,resolved,2.0,69.5,ppb,resolved,,,,,mean=unweighted mean of station monthly averages; min/max=extreme station monthly values; pollutant medians unavailable in source reports,Dhaka reporting stations/city AQI
2014-06-01,2014,6,June,Monsoon,36.7,,15.1,59.2,59.53333333333333,,23.8,118.0,24.7,,10.3,38.1,2.92,,2.29,3.89,1.67,,0.32,6.79,7.0,,5.73,11.0,,,,,2.0,75.5,ug/m3,resolved,3.0,70.33333333333333,ug/m3,resolved,1.0,85.0,ppb,resolved,1.0,69.0,ppb,resolved,3.0,75.0,ppm,resolved,1.0,75.0,ppb,resolved,,,,,mean=unweighted mean of station monthly averages; min/max=extreme station monthly values; pollutant medians unavailable in source reports,Dhaka reporting stations/city AQI
2014-07-01,2014,7,July,Monsoon,22.549999999999997,,10.1,40.4,46.150000000000006,,19.8,69.5,17.3,,5.56,27.8,1.67,,0.17,3.85,0.8966666666666665,,0.29,4.51,6.48,,5.57,10.31,,,,,2.0,90.5,ug/m3,resolved,2.0,77.0,ug/m3,resolved,1.0,37.0,ppb,resolved,2.0,82.5,ppb,resolved,3.0,83.66666666666667,ppm,resolved,1.0,74.0,ppb,resolved,,,,,mean=unweighted mean of station monthly averages; min/max=extreme station monthly values; pollutant medians unavailable in source reports,Dhaka reporting stations/city AQI
2014-08-01,2014,8,August,Monsoon,25.3,,10.4,70.5,52.45,,26.7,97.6,11.8,,5.22,19.9,3.065,,0.88,8.45,0.7250000000000001,,0.33,1.63,,,,,,,,,2.0,85.0,ug/m3,resolved,2.0,62.5,ug/m3,resolved,1.0,89.0,ppb,resolved,2.0,91.0,ppb,resolved,2.0,86.0,ppm,resolved,0.0,,ppb,resolved,,,,,mean=unweighted mean of station monthly averages; min/max=extreme station monthly values; pollutant medians unavailable in source reports,Dhaka reporting stations/city AQI
2014-09-01,2014,9,September,Monsoon,35.400000000000006,,15.3,108.0,59.55,,28.0,172.0,21.75,,4.9,64.0,5.966666666666666,,1.82,13.5,0.9500000000000001,,0.12,3.62,6.74,,5.58,11.4,,,,,2.0,89.0,ug/m3,resolved,2.0,62.0,ug/m3,resolved,2.0,82.0,ppb,resolved,3.0,57.0,ppb,resolved,3.0,58.666666666666664,ppm,resolved,1.0,58.0,ppb,resolved,,,,,mean=unweighted mean of station monthly averages; min/max=extreme station monthly values; pollutant medians unavailable in source reports,Dhaka reporting stations/city AQI
2014-10-01,2014,10,October,Post-monsoon,53.13333333333333,,17.9,109.0,85.6,,26.6,155.0,41.8,,15.9,63.0,3.07,,2.46,4.12,1.98,,0.24,12.4,6.57,,5.46,11.5,,,,,3.0,77.33333333333333,ug/m3,resolved,2.0,87.0,ug/m3,resolved,1.0,51.0,ppb,resolved,1.0,91.0,ppb,resolved,1.0,89.0,ppm,resolved,1.0,97.0,ppb,resolved,,,,,mean=unweighted mean of station monthly averages; min/max=extreme station monthly values; pollutant medians unavailable in source reports,Dhaka reporting stations/city AQI
2014-11-01,2014,11,November,Post-monsoon,151.0,,41.4,282.0,240.5,,75.1,485.0,76.7,,7.86,148.0,2.39,,0.4,5.07,1.9249999999999998,,0.64,4.52,,,,,,,,,2.0,89.0,ug/m3,resolved,2.0,91.0,ug/m3,resolved,1.0,88.0,ppb,resolved,1.0,95.0,ppb,resolved,2.0,93.0,ppm,resolved,0.0,,ppb,resolved,,,,,mean=unweighted mean of station monthly averages; min/max=extreme station monthly values; pollutant medians unavailable in source reports,Dhaka reporting stations/city AQI
2014-12-01,2014,12,December,Winter,161.0,,99.9,273.0,253.0,,167.0,392.0,76.9,,11.9,135.0,3.365,,1.09,6.87,2.51,,0.52,9.59,6.41,,5.21,11.2,,,,,3.0,96.0,ug/m3,resolved,2.0,97.0,ug/m3,resolved,1.0,96.0,ppb,resolved,2.0,95.0,ppb,resolved,3.0,92.66666666666667,ppm,resolved,1.0,98.0,ppb,resolved,,,,,mean=unweighted mean of station monthly averages; min/max=extreme station monthly values; pollutant medians unavailable in source reports,Dhaka reporting stations/city AQI
2015-01-01,2015,1,January,Winter,153.33333333333334,,71.9,295.0,234.5,,113.0,428.0,58.3,,11.5,134.0,5.785,,1.82,14.5,2.3299999999999996,,0.29,9.7,5.94,,4.85,13.7,,,,,3.0,96.0,ug/m3,resolved,2.0,96.0,ug/m3,resolved,1.0,100.0,ppb,resolved,2.0,96.5,ppb,resolved,3.0,93.33333333333333,ppm,resolved,1.0,98.0,ppb,resolved,,,,,mean=unweighted mean of station monthly averages; min/max=extreme station monthly values; pollutant medians unavailable in source reports,Dhaka reporting stations/city AQI
2015-02-01,2015,2,February,Winter,127.33333333333333,,51.7,213.0,221.0,,100.0,370.0,58.4,,12.3,156.0,6.75,,1.8,15.8,3.31,,0.31,10.8,,,,,,,,,3.0,86.66666666666667,ug/m3,resolved,2.0,84.0,ug/m3,resolved,1.0,88.0,ppb,resolved,2.0,86.5,ppb,resolved,2.0,72.0,ppm,resolved,0.0,,ppb,resolved,,,,,mean=unweighted mean of station monthly averages; min/max=extreme station monthly values; pollutant medians unavailable in source reports,Dhaka reporting stations/city AQI
2015-03-01,2015,3,March,Pre-monsoon,102.36666666666667,,37.4,191.0,200.0,,75.4,362.0,56.3,,12.6,155.0,7.800000000000001,,1.6,16.4,4.385,,0.5,14.9,9.07,,5.26,18.5,,,,,3.0,84.0,ug/m3,resolved,2.0,90.0,ug/m3,resolved,1.0,94.0,ppb,resolved,2.0,90.0,ppb,resolved,2.0,85.0,ppm,resolved,1.0,89.0,ppb,resolved,,,,,mean=unweighted mean of station monthly averages; min/max=extreme station monthly values; pollutant medians unavailable in source reports,Dhaka reporting stations/city AQI
2015-04-01,2015,4,April,Pre-monsoon,50.76333333333333,,13.98,111.71,90.92500000000001,,46.44,195.47,14.81,,3.77,39.01,7.02,,5.33,11.27,3.185,,0.33,8.22,20.32,,6.23,45.05,,,,,3.0,91.0,ug/m3,resolved,2.0,88.5,ug/m3,resolved,1.0,92.0,ppb,resolved,1.0,94.0,ppb,resolved,2.0,74.0,ppm,resolved,1.0,93.0,ppb,resolved,,,,,mean=unweighted mean of station monthly averages; min/max=extreme station monthly values; pollutant medians unavailable in source reports,Dhaka reporting stations/city AQI
2015-05-01,2015,5,May,Pre-monsoon,44.800000000000004,,22.0,86.7,84.35,,44.8,126.0,10.8,,4.63,19.9,,,,,1.84,,0.16,9.86,13.700000000000001,,0.44,63.5,,,,,3.0,89.66666666666667,ug/m3,resolved,2.0,90.5,ug/m3,resolved,1.0,96.0,ppb,resolved,0.0,,ppb,resolved,2.0,77.0,ppm,resolved,2.0,98.0,ppb,resolved,,,,,mean=unweighted mean of station monthly averages; min/max=extreme station monthly values; pollutant medians unavailable in source reports,Dhaka reporting stations/city AQI
2015-06-01,2015,6,June,Monsoon,26.400000000000002,,10.3,64.2,50.0,,23.5,85.8,,,,,,,,,1.32,,0.1,5.02,,,,,,,,,3.0,90.33333333333333,ug/m3,resolved,2.0,80.0,ug/m3,resolved,0.0,,ppb,resolved,0.0,,ppb,resolved,2.0,81.0,ppm,resolved,0.0,,ppb,resolved,,,,,mean=unweighted mean of station monthly averages; min/max=extreme station monthly values; pollutant medians unavailable in source reports,Dhaka reporting stations/city AQI
2015-07-01,2015,7,July,Monsoon,27.26666666666667,,7.6,77.7,43.5,,17.1,70.2,,,,,,,,,1.275,,0.35,4.03,,,,,,,,,3.0,72.66666666666667,ug/m3,resolved,1.0,62.0,ug/m3,resolved,0.0,,ppb,resolved,0.0,,ppb,resolved,2.0,81.0,ppm,resolved,0.0,,ppb,resolved,,,,,mean=unweighted mean of station monthly averages; min/max=extreme station monthly values; pollutant medians unavailable in source reports,Dhaka reporting stations/city AQI
2015-08-01,2015,8,August,Monsoon,35.75,,16.7,49.2,54.699999999999996,,32.5,84.6,,,,,,,,,1.525,,0.23,4.29,4.89,,1.09,11.3,,,,,2.0,69.0,ug/m3,resolved,3.0,39.333333333333336,ug/m3,resolved,0.0,,ppb,resolved,0.0,,ppb,resolved,2.0,84.0,ppm,resolved,1.0,89.0,ppb,resolved,,,,,mean=unweighted mean of station monthly averages; min/max=extreme station monthly values; pollutant medians unavailable in source reports,Dhaka reporting stations/city AQI
2015-09-01,2015,9,September,Monsoon,54.05,,23.1,96.8,95.2,,12.9,212.0,,,,,54.199999999999996,,4.7,152.0,,,,,1.25,,0.56,7.06,,,,,2.0,92.0,ug/m3,resolved,2.0,70.5,ug/m3,resolved,0.0,90.5,,partly_or_fully_unresolved_in_summary_table,2.0,87.0,ppb,resolved,0.0,96.0,,partly_or_fully_unresolved_in_summary_table,2.0,95.0,ppb,resolved,,,,,mean=unweighted mean of station monthly averages; min/max=extreme station monthly values; pollutant medians unavailable in source reports,Dhaka reporting stations/city AQI
2015-10-01,2015,10,October,Post-monsoon,66.36666666666666,,15.3,124.0,114.15,,52.7,191.0,90.8,,14.8,246.0,1.42,,0.31,3.02,1.3966666666666667,,0.12,7.2,5.05,,0.46,24.1,,,,,3.0,82.0,ug/m3,resolved,2.0,52.0,ug/m3,resolved,2.0,94.5,ppb,resolved,1.0,95.0,ppb,resolved,3.0,82.33333333333333,ppm,resolved,1.0,89.0,ppb,resolved,,,,,mean=unweighted mean of station monthly averages; min/max=extreme station monthly values; pollutant medians unavailable in source reports,Dhaka reporting stations/city AQI
2015-11-01,2015,11,November,Post-monsoon,106.86666666666667,,24.4,206.0,213.66666666666666,,44.9,479.0,145.8,,27.3,266.0,5.6,,1.5,16.5,1.9433333333333334,,0.07,10.0,3.39,,0.51,22.7,,,,,3.0,77.0,ug/m3,resolved,3.0,67.33333333333333,ug/m3,resolved,2.0,89.0,ppb,resolved,1.0,94.0,ppb,resolved,3.0,78.0,ppm,resolved,2.0,91.0,ppb,resolved,,,,,mean=unweighted mean of station monthly averages; min/max=extreme station monthly values; pollutant medians unavailable in source reports,Dhaka reporting stations/city AQI
2015-12-01,2015,12,December,Winter,168.33333333333334,,80.8,263.0,261.0,,128.0,404.0,140.5,,49.6,282.0,17.8,,2.23,60.1,2.183333333333333,,0.34,6.39,4.7,,0.52,17.9,,,,,3.0,90.0,ug/m3,resolved,2.0,85.0,ug/m3,resolved,2.0,70.5,ppb,resolved,2.0,94.5,ppb,resolved,3.0,91.0,ppm,resolved,1.0,52.0,ppb,resolved,,,,,mean=unweighted mean of station monthly averages; min/max=extreme station monthly values; pollutant medians unavailable in source reports,Dhaka reporting stations/city AQI
2016-01-01,2016,1,January,Winter,,,,,,,,,110.0,,33.8,192.0,15.200000000000001,,2.4,28.2,1.455,,0.22,5.89,4.15,,0.56,18.8,,,,,,,,,,,,,1.0,70.0,ppb,resolved,2.0,77.0,ppb,resolved,2.0,84.0,ppm,resolved,1.0,70.0,ppb,resolved,,,,,mean=unweighted mean of station monthly averages; min/max=extreme station monthly values; pollutant medians unavailable in source reports,Dhaka reporting stations/city AQI
2016-02-01,2016,2,February,Winter,140.5,,33.2,290.0,285.0,,113.0,448.0,81.1,,25.7,166.0,15.149999999999999,,1.22,29.6,2.075,,0.22,8.31,6.8,,0.44,26.0,,,,,2.0,75.0,ug/m3,resolved,1.0,80.0,ug/m3,resolved,1.0,84.0,ppb,resolved,2.0,87.5,ppb,resolved,2.0,85.5,ppm,resolved,1.0,67.0,ppb,resolved,,,,,mean=unweighted mean of station monthly averages; min/max=extreme station monthly values; pollutant medians unavailable in source reports,Dhaka reporting stations/city AQI
2016-03-01,2016,3,March,Pre-monsoon,105.2,,48.2,247.0,270.0,,192.0,476.0,64.2,,21.6,181.0,12.649999999999999,,2.31,31.8,1.8900000000000001,,0.24,5.06,7.87,,0.94,34.9,,,,,2.0,80.5,ug/m3,resolved,1.0,29.0,ug/m3,resolved,1.0,94.0,ppb,resolved,2.0,92.0,ppb,resolved,2.0,93.5,ppm,resolved,1.0,96.0,ppb,resolved,,,,,mean=unweighted mean of station monthly averages; min/max=extreme station monthly values; pollutant medians unavailable in source reports,Dhaka reporting stations/city AQI
2016-04-01,2016,4,April,Pre-monsoon,44.96666666666667,,29.3,83.5,105.0,,78.1,142.0,21.4,,12.19,40.0,3.69,,1.14,12.3,1.6300000000000001,,0.09,5.34,2.5300000000000002,,0.53,15.9,,,,,3.0,73.66666666666667,ug/m3,resolved,1.0,60.0,ug/m3,resolved,1.0,93.0,ppb,resolved,1.0,66.0,ppb,resolved,3.0,81.66666666666667,ppm,resolved,2.0,85.0,ppb,resolved,,,,,mean=unweighted mean of station monthly averages; min/max=extreme station monthly values; pollutant medians unavailable in source reports,Dhaka reporting stations/city AQI
2016-05-01,2016,5,May,Pre-monsoon,52.76666666666667,,12.7,98.6,96.15,,34.0,179.0,37.2,,17.4,66.6,5.49,,1.33,13.7,1.5499999999999998,,0.11,10.2,5.39,,0.69,23.0,,,,,3.0,78.66666666666667,ug/m3,resolved,2.0,80.5,ug/m3,resolved,1.0,65.0,ppb,resolved,1.0,80.0,ppb,resolved,3.0,63.666666666666664,ppm,resolved,1.0,62.0,ppb,resolved,,,,,mean=unweighted mean of station monthly averages; min/max=extreme station monthly values; pollutant medians unavailable in source reports,Dhaka reporting stations/city AQI
2016-06-01,2016,6,June,Monsoon,29.95,,12.9,59.0,66.35,,0.0,145.0,28.6,,6.37,51.8,6.5,,1.86,42.6,1.28,,0.23,6.67,2.87,,0.54,9.66,,,,,2.0,80.0,ug/m3,resolved,2.0,62.666666666666664,ug/m3,resolved,1.0,80.0,ppb,resolved,1.0,78.0,ppb,resolved,3.0,82.66666666666667,ppm,resolved,1.0,79.0,ppb,resolved,,,,,mean=unweighted mean of station monthly averages; min/max=extreme station monthly values; pollutant medians unavailable in source reports,Dhaka reporting stations/city AQI
2016-07-01,2016,7,July,Monsoon,18.75,,9.21,40.0,38.7,,20.6,158.0,13.0,,3.36,40.9,3.57,,1.97,6.49,1.3033333333333332,,0.11,7.05,2.78,,0.58,10.6,,,,,2.0,71.0,ug/m3,resolved,2.0,67.0,ug/m3,resolved,1.0,80.0,ppb,resolved,1.0,88.0,ppb,resolved,3.0,93.0,ppm,resolved,1.0,94.0,ppb,resolved,,,,,mean=unweighted mean of station monthly averages; min/max=extreme station monthly values; pollutant medians unavailable in source reports,Dhaka reporting stations/city AQI
2016-08-01,2016,8,August,Monsoon,31.6,,11.3,72.4,70.2,,26.9,186.0,19.9,,7.67,47.3,1.885,,0.16,4.82,1.255,,0.2,2.56,2.84,,0.8,14.2,,,,,1.0,91.0,ug/m3,resolved,1.0,94.0,ug/m3,resolved,1.0,95.0,ppb,resolved,2.0,89.5,ppb,resolved,2.0,91.5,ppm,resolved,1.0,97.0,ppb,resolved,,,,,mean=unweighted mean of station monthly averages; min/max=extreme station monthly values; pollutant medians unavailable in source reports,Dhaka reporting stations/city AQI
2016-09-01,2016,9,September,Monsoon,32.7,,17.5,71.8,62.6,,35.8,123.0,24.8,,6.82,71.5,1.995,,0.56,6.67,1.38,,0.13,3.78,2.12,,0.78,7.76,,,,,1.0,82.0,ug/m3,resolved,1.0,73.0,ug/m3,resolved,1.0,92.0,ppb,resolved,2.0,86.0,ppb,resolved,2.0,90.5,ppm,resolved,1.0,94.0,ppb,resolved,,,,,mean=unweighted mean of station monthly averages; min/max=extreme station monthly values; pollutant medians unavailable in source reports,Dhaka reporting stations/city AQI
2016-10-01,2016,10,October,Post-monsoon,44.1,,19.0,75.2,88.55000000000001,,33.1,148.0,34.1,,11.0,64.5,4.545,,0.9,10.1,1.585,,0.12,3.59,5.44,,0.78,23.7,,,,,1.0,61.0,ug/m3,resolved,2.0,94.0,ug/m3,resolved,1.0,78.0,ppb,resolved,2.0,79.5,ppb,resolved,2.0,85.5,ppm,resolved,1.0,79.0,ppb,resolved,,,,,mean=unweighted mean of station monthly averages; min/max=extreme station monthly values; pollutant medians unavailable in source reports,Dhaka reporting stations/city AQI
2016-11-01,2016,11,November,Post-monsoon,105.0,,15.0,170.0,163.5,,36.9,298.0,81.5,,6.32,172.0,11.5,,2.04,39.2,2.67,,0.44,7.05,8.1,,1.68,23.6,,,,,1.0,68.0,ug/m3,resolved,2.0,62.0,ug/m3,resolved,1.0,90.0,ppb,resolved,2.0,83.0,ppb,resolved,2.0,94.0,ppm,resolved,1.0,62.0,ppb,resolved,,,,,mean=unweighted mean of station monthly averages; min/max=extreme station monthly values; pollutant medians unavailable in source reports,Dhaka reporting stations/city AQI
2016-12-01,2016,12,December,Winter,169.0,,85.9,269.0,272.0,,163.0,447.0,66.0,,16.7,136.0,16.55,,3.12,42.2,3.21,,0.29,12.1,5.12,,1.41,20.2,,,,,1.0,70.0,ug/m3,resolved,1.0,69.0,ug/m3,resolved,1.0,96.0,ppb,resolved,2.0,90.0,ppb,resolved,2.0,97.5,ppm,resolved,1.0,95.0,ppb,resolved,,,,,mean=unweighted mean of station monthly averages; min/max=extreme station monthly values; pollutant medians unavailable in source reports,Dhaka reporting stations/city AQI
2017-01-01,2017,1,January,Winter,167.04,,71.86,282.61,259.075,,142.01,499.77,61.18,,12.3,145.09,20.4,,2.39,55.83,2.8866666666666667,,0.12,8.78,13.8,,1.62,78.82,,,,,3.0,71.66666666666667,ug/m3,resolved,2.0,71.5,ug/m3,resolved,1.0,94.0,ppb,resolved,2.0,88.5,ppb,resolved,3.0,87.0,ppm,resolved,1.0,82.0,ppb,resolved,,,,,mean=unweighted mean of station monthly averages; min/max=extreme station monthly values; pollutant medians unavailable in source reports,Dhaka reporting stations/city AQI
2017-02-01,2017,2,February,Winter,145.0,,58.2,247.0,264.0,,130.0,480.0,105.65,,2.32,210.0,7.28,,3.15,15.5,3.046666666666667,,0.17,7.83,16.3,,2.85,89.6,,,,,2.0,82.0,ug/m3,resolved,2.0,51.0,ug/m3,resolved,2.0,85.5,ppb,resolved,1.0,85.0,ppb,resolved,3.0,86.66666666666667,ppm,resolved,2.0,76.0,ppb,resolved,,,,,mean=unweighted mean of station monthly averages; min/max=extreme station monthly values; pollutant medians unavailable in source reports,Dhaka reporting stations/city AQI
2017-03-01,2017,3,March,Pre-monsoon,82.25,,25.0,191.0,167.0,,71.8,364.0,73.2,,4.66,229.0,6.38,,3.09,10.9,1.3599999999999999,,0.24,6.39,6.19,,1.84,22.0,,,,,2.0,88.0,ug/m3,resolved,1.0,89.0,ug/m3,resolved,2.0,90.0,ppb,resolved,1.0,92.0,ppb,resolved,2.0,93.5,ppm,resolved,1.0,95.0,ppb,resolved,,,,,mean=unweighted mean of station monthly averages; min/max=extreme station monthly values; pollutant medians unavailable in source reports,Dhaka reporting stations/city AQI
2017-04-01,2017,4,April,Pre-monsoon,51.0,,26.7,116.0,96.95,,58.7,239.0,44.75,,3.75,133.0,11.045,,3.45,29.1,1.6749999999999998,,0.13,19.9,5.355,,0.5,26.5,,,,,2.0,88.0,ug/m3,resolved,2.0,69.5,ug/m3,resolved,2.0,80.0,ppb,resolved,2.0,89.0,ppb,resolved,2.0,84.0,ppm,resolved,2.0,64.5,ppb,resolved,,,,,mean=unweighted mean of station monthly averages; min/max=extreme station monthly values; pollutant medians unavailable in source reports,Dhaka reporting stations/city AQI
2017-05-01,2017,5,May,Pre-monsoon,54.5,,19.5,108.0,94.93333333333334,,30.9,170.0,,,,,,,,,,,,,,,,,,,,,3.0,65.66666666666667,ug/m3,resolved,3.0,57.333333333333336,ug/m3,resolved,,,,,,,,,,,,,,,,,,,,,mean=unweighted mean of station monthly averages; min/max=extreme station monthly values; pollutant medians unavailable in source reports,Dhaka reporting stations/city AQI
2017-06-01,2017,6,June,Monsoon,38.4,,10.4,80.9,61.45,,14.0,122.0,32.0,,1.56,77.1,,,,,2.055,,0.09,15.3,12.2,,1.37,27.8,,,,,3.0,61.333333333333336,ug/m3,resolved,2.0,81.5,ug/m3,resolved,2.0,90.5,ppb,resolved,0.0,,ppb,resolved,2.0,53.0,ppm,resolved,1.0,88.0,ppb,resolved,,,,,mean=unweighted mean of station monthly averages; min/max=extreme station monthly values; pollutant medians unavailable in source reports,Dhaka reporting stations/city AQI
2017-07-01,2017,7,July,Monsoon,,,,,,,,,37.55,,4.49,91.8,2.9,,1.73,10.2,1.605,,0.12,5.57,2.955,,0.73,12.3,,,,,,,,,,,,,2.0,93.5,ppb,resolved,1.0,91.0,ppb,resolved,2.0,60.5,ppm,resolved,2.0,61.0,ppb,resolved,,,,,mean=unweighted mean of station monthly averages; min/max=extreme station monthly values; pollutant medians unavailable in source reports,Dhaka reporting stations/city AQI
2017-08-01,2017,8,August,Monsoon,34.376666666666665,,16.6,71.26,63.026666666666664,,33.14,115.01,44.175,,1.08,100.95,4.62,,1.69,10.56,1.6600000000000001,,0.07,18.87,2.57,,0.0,7.81,,,,,3.0,86.12666666666667,ug/m3,resolved,3.0,79.34666666666666,ug/m3,resolved,2.0,72.65,ppb,resolved,2.0,72.38,ppb,resolved,3.0,74.86666666666666,ppm,resolved,2.0,60.080000000000005,ppb,resolved,,,,,mean=unweighted mean of station monthly averages; min/max=extreme station monthly values; pollutant medians unavailable in source reports,Dhaka reporting stations/city AQI
2017-09-01,2017,9,September,Monsoon,41.333333333333336,,12.6,87.4,70.30000000000001,,19.7,159.0,59.0,,41.1,95.7,1.2,,0.17,2.95,1.4233333333333336,,0.1,6.81,3.5,,0.83,10.1,,,,,3.0,80.66666666666667,ug/m3,resolved,2.0,59.666666666666664,ug/m3,resolved,1.0,16.5,ppb,resolved,1.0,58.0,ppb,resolved,3.0,65.66666666666667,ppm,resolved,2.0,77.0,ppb,resolved,,,,,mean=unweighted mean of station monthly averages; min/max=extreme station monthly values; pollutant medians unavailable in source reports,Dhaka reporting stations/city AQI
2017-10-01,2017,10,October,Post-monsoon,54.0,,16.2,117.0,103.4,,16.1,210.0,49.6,,43.7,57.3,3.7,,2.55,6.66,1.5966666666666667,,0.12,7.25,4.825,,0.77,20.4,,,,,3.0,91.66666666666667,ug/m3,resolved,2.0,92.0,ug/m3,resolved,1.0,13.0,ppb,resolved,1.0,96.0,ppb,resolved,3.0,78.66666666666667,ppm,resolved,2.0,98.5,ppb,resolved,,,,,mean=unweighted mean of station monthly averages; min/max=extreme station monthly values; pollutant medians unavailable in source reports,Dhaka reporting stations/city AQI
2017-11-01,2017,11,November,Post-monsoon,88.13333333333333,,30.0,266.0,180.0,,47.7,439.0,,,,,45.7,,10.7,104.0,1.8499999999999999,,0.23,12.4,4.75,,1.01,9.21,,,,,3.0,75.0,ug/m3,resolved,2.0,93.0,ug/m3,resolved,0.0,,ppb,resolved,1.0,92.0,ppb,resolved,3.0,75.33333333333333,ppm,resolved,1.0,94.0,ppb,resolved,,,,,mean=unweighted mean of station monthly averages; min/max=extreme station monthly values; pollutant medians unavailable in source reports,Dhaka reporting stations/city AQI
2017-12-01,2017,12,December,Winter,135.5,,17.4,203.0,216.0,,22.7,394.0,,,,,48.8,,23.0,115.0,1.7766666666666666,,0.13,4.78,1.52,,0.29,6.57,,,,,2.0,92.0,ug/m3,resolved,2.0,91.0,ug/m3,resolved,0.0,,ppb,resolved,1.0,92.0,ppb,resolved,3.0,75.0,ppm,resolved,1.0,95.0,ppb,resolved,,,,,mean=unweighted mean of station monthly averages; min/max=extreme station monthly values; pollutant medians unavailable in source reports,Dhaka reporting stations/city AQI
2018-01-01,2018,1,January,Winter,192.5,,121.0,304.0,298.0,,146.0,556.0,,,,,23.25,,9.42,48.1,1.16,,0.13,3.4,3.215,,0.21,18.6,,,,,2.0,89.5,ug/m3,resolved,2.0,89.5,ug/m3,resolved,0.0,,ppb,resolved,2.0,88.0,ppb,resolved,1.0,58.0,ppm,resolved,2.0,61.5,ppb,resolved,,,,,mean=unweighted mean of station monthly averages; min/max=extreme station monthly values; pollutant medians unavailable in source reports,Dhaka reporting stations/city AQI
2018-02-01,2018,2,February,Winter,201.0,,70.58,393.0,370.5,,183.0,666.0,53.7,,23.5,120.0,30.549999999999997,,2.72,116.0,1.855,,0.26,7.9,5.6899999999999995,,0.49,22.0,,,,,2.0,77.5,ug/m3,resolved,2.0,80.5,ug/m3,resolved,1.0,26.0,ppb,resolved,2.0,76.5,ppb,resolved,2.0,41.5,ppm,resolved,2.0,80.0,ppb,resolved,,,,,mean=unweighted mean of station monthly averages; min/max=extreme station monthly values; pollutant medians unavailable in source reports,Dhaka reporting stations/city AQI
2018-03-01,2018,3,March,Pre-monsoon,152.0,,61.6,325.0,271.5,,121.0,615.0,63.5,,16.7,163.0,11.38,,2.72,66.5,1.88,,0.14,4.88,5.955,,0.43,20.5,,,,,2.0,85.0,ug/m3,resolved,2.0,94.5,ug/m3,resolved,1.0,68.0,ppb,resolved,2.0,77.0,ppb,resolved,2.0,77.0,ppm,resolved,2.0,49.5,ppb,resolved,,,,,mean=unweighted mean of station monthly averages; min/max=extreme station monthly values; pollutant medians unavailable in source reports,Dhaka reporting stations/city AQI
2018-04-01,2018,4,April,Pre-monsoon,79.69,,40.17,164.52,142.71,,67.85,279.1,35.58,,21.38,55.27,11.41,,5.43,29.99,1.58,,0.13,6.69,5.24,,0.44,14.55,,,,,2.0,89.215,ug/m3,resolved,2.0,89.28,ug/m3,resolved,1.0,87.5,ppb,resolved,1.0,87.5,ppb,resolved,2.0,71.71000000000001,ppm,resolved,1.0,92.34,ppb,resolved,,,,,mean=unweighted mean of station monthly averages; min/max=extreme station monthly values; pollutant medians unavailable in source reports,Dhaka reporting stations/city AQI
2018-05-01,2018,5,May,Pre-monsoon,56.3,,21.9,145.0,99.55,,48.4,181.0,17.0,,2.14,52.9,7.33,,5.34,8.88,2.065,,0.09,6.64,4.0249999999999995,,0.49,24.9,,,,,2.0,83.5,ug/m3,resolved,2.0,94.5,ug/m3,resolved,1.0,77.0,ppb,resolved,1.0,78.0,ppb,resolved,2.0,73.5,ppm,resolved,2.0,79.0,ppb,resolved,,,,,mean=unweighted mean of station monthly averages; min/max=extreme station monthly values; pollutant medians unavailable in source reports,Dhaka reporting stations/city AQI
2018-06-01,2018,6,June,Monsoon,42.75,,16.8,78.4,74.75,,33.7,124.0,5.34,,0.83,18.7,,,,,2.25,,0.19,5.3,3.75,,0.35,15.1,,,,,2.0,86.0,ug/m3,resolved,2.0,80.0,ug/m3,resolved,1.0,80.0,ppb,resolved,0.0,,ppb,resolved,2.0,71.5,ppm,resolved,2.0,48.0,ppb,resolved,,,,,mean=unweighted mean of station monthly averages; min/max=extreme station monthly values; pollutant medians unavailable in source reports,Dhaka reporting stations/city AQI
2018-07-01,2018,7,July,Monsoon,,,,,,,,,37.55,,4.49,91.8,2.9,,1.73,10.2,1.605,,0.12,5.57,2.955,,0.73,12.3,,,,,,,,,,,,,2.0,93.5,ppb,resolved,1.0,91.0,ppb,resolved,2.0,60.5,ppm,resolved,2.0,61.0,ppb,resolved,,,,,mean=unweighted mean of station monthly averages; min/max=extreme station monthly values; pollutant medians unavailable in source reports,Dhaka reporting stations/city AQI
2018-08-01,2018,8,August,Monsoon,34.175,,13.4,77.41,52.75333333333333,,26.43,129.16,21.69,,6.1,34.25,1.32,,0.16,2.15,2.0833333333333335,,0.14,4.13,3.6366666666666667,,0.38,18.28,,,,,2.0,80.39500000000001,ug/m3,resolved,3.0,60.0,ug/m3,resolved,2.0,80.17500000000001,ppb,resolved,2.0,33.129999999999995,ppb,resolved,3.0,6.363333333333333,ppm,resolved,3.0,59.90333333333333,ppb,resolved,,,,,mean=unweighted mean of station monthly averages; min/max=extreme station monthly values; pollutant medians unavailable in source reports,Dhaka reporting stations/city AQI
2018-09-01,2018,9,September,Monsoon,,,,,,,,,,,,,,,,,,,,,,,,,,,,,,,,,,,,,0.0,72.0,,partly_or_fully_unresolved_in_summary_table,0.0,93.0,,partly_or_fully_unresolved_in_summary_table,0.0,97.0,,partly_or_fully_unresolved_in_summary_table,0.0,24.5,,partly_or_fully_unresolved_in_summary_table,,,,,mean=unweighted mean of station monthly averages; min/max=extreme station monthly values; pollutant medians unavailable in source reports,Dhaka reporting stations/city AQI
2018-10-01,2018,10,October,Post-monsoon,79.82499999999999,,8.21,151.81,119.54333333333334,,20.34,255.9,47.156666666666666,,9.38,96.89,14.82,,3.7,28.23,,,,,5.295,,1.49,25.02,,,,,2.0,75.41499999999999,ug/m3,resolved,3.0,83.14666666666666,ug/m3,resolved,3.0,96.99666666666667,ppb,resolved,1.0,71.51,ppb,resolved,0.0,,ppm,resolved,2.0,59.410000000000004,ppb,resolved,,,,,mean=unweighted mean of station monthly averages; min/max=extreme station monthly values; pollutant medians unavailable in source reports,Dhaka reporting stations/city AQI
2018-11-01,2018,11,November,Post-monsoon,119.5,,46.1,226.0,170.6,,46.9,513.0,81.85,,22.2,177.0,2.54,,0.62,10.1,,,,,7.5,,2.04,19.7,,,,,2.0,84.5,ug/m3,resolved,3.0,81.0,ug/m3,resolved,2.0,83.0,ppb,resolved,2.0,69.5,ppb,resolved,0.0,,ppm,resolved,1.0,95.0,ppb,resolved,,,,,mean=unweighted mean of station monthly averages; min/max=extreme station monthly values; pollutant medians unavailable in source reports,Dhaka reporting stations/city AQI
2018-12-01,2018,12,December,Winter,126.29,,34.29,306.02,177.25,,71.79,473.97,48.88666666666666,,0.66,205.21,7.576666666666665,,0.3,27.98,1.455,,0.08,3.99,4.316666666666666,,0.82,24.48,,,,,3.0,68.66666666666667,ug/m3,resolved,3.0,70.66666666666667,ug/m3,resolved,3.0,67.33333333333333,ppb,resolved,3.0,84.0,ppb,resolved,2.0,42.0,ppm,resolved,3.0,75.66666666666667,ppb,resolved,,,,,mean=unweighted mean of station monthly averages; min/max=extreme station monthly values; pollutant medians unavailable in source reports,Dhaka reporting stations/city AQI
2019-01-01,2019,1,January,Winter,161.66666666666666,,53.4,271.0,257.0,,159.0,402.0,99.16666666666667,,21.9,217.0,8.586666666666668,,1.0,35.9,2.015,,0.32,5.88,5.585,,0.41,29.4,,,,,3.0,87.66666666666667,ug/m3,resolved,2.0,97.5,ug/m3,resolved,3.0,96.0,ppb,resolved,3.0,97.0,ppb,resolved,2.0,93.5,ppm,resolved,2.0,92.0,ppb,resolved,,,,,mean=unweighted mean of station monthly averages; min/max=extreme station monthly values; pollutant medians unavailable in source reports,Dhaka reporting stations/city AQI
2019-02-01,2019,2,February,Winter,134.0,,40.4,343.0,239.5,,66.7,553.0,82.7,,7.09,201.0,7.653333333333333,,1.25,31.8,1.9633333333333336,,0.38,5.8,5.195,,0.54,24.9,,,,,3.0,66.0,ug/m3,resolved,2.0,83.0,ug/m3,resolved,3.0,75.0,ppb,resolved,3.0,75.0,ppb,resolved,3.0,63.0,ppm,resolved,2.0,86.5,ppb,resolved,,,,,mean=unweighted mean of station monthly averages; min/max=extreme station monthly values; pollutant medians unavailable in source reports,Dhaka reporting stations/city AQI
2019-03-01,2019,3,March,Pre-monsoon,107.76666666666667,,37.6,289.0,198.33333333333334,,81.7,493.0,64.55,,9.01,152.0,4.2,,0.7,22.8,2.0366666666666666,,0.45,5.01,8.26,,0.31,48.0,,,,,3.0,89.33333333333333,ug/m3,resolved,3.0,81.0,ug/m3,resolved,2.0,75.0,ppb,resolved,2.0,88.5,ppb,resolved,3.0,90.0,ppm,resolved,2.0,92.5,ppb,resolved,,,,,mean=unweighted mean of station monthly averages; min/max=extreme station monthly values; pollutant medians unavailable in source reports,Dhaka reporting stations/city AQI
2019-04-01,2019,4,April,Pre-monsoon,65.33333333333333,,18.7,159.0,132.0,,56.9,319.0,38.05,,1.57,99.9,2.88,,0.81,4.43,1.31,,0.08,4.11,8.19,,0.67,43.8,,,,,3.0,75.0,ug/m3,resolved,3.0,57.333333333333336,ug/m3,resolved,2.0,66.5,ppb,resolved,2.0,69.5,ppb,resolved,3.0,67.66666666666667,ppm,resolved,1.0,45.0,ppb,resolved,,,,,mean=unweighted mean of station monthly averages; min/max=extreme station monthly values; pollutant medians unavailable in source reports,Dhaka reporting stations/city AQI
2019-05-01,2019,5,May,Pre-monsoon,,,,,,,,,,,,,,,,,,,,,,,,,,,,,,,,,,,,,0.0,74.66666666666667,,partly_or_fully_unresolved_in_summary_table,0.0,83.0,,partly_or_fully_unresolved_in_summary_table,0.0,95.5,,partly_or_fully_unresolved_in_summary_table,0.0,95.0,,partly_or_fully_unresolved_in_summary_table,,,,,mean=unweighted mean of station monthly averages; min/max=extreme station monthly values; pollutant medians unavailable in source reports,Dhaka reporting stations/city AQI
2019-06-01,2019,6,June,Monsoon,36.7,,12.3,99.1,68.8,,26.7,186.0,15.9,,10.4,22.5,5.75,,3.77,9.95,0.9500000000000001,,0.16,4.55,11.004999999999999,,0.28,56.5,,,,,3.0,65.66666666666667,ug/m3,resolved,3.0,69.0,ug/m3,resolved,1.0,74.0,ppb,resolved,1.0,47.0,ppb,resolved,3.0,65.33333333333333,ppm,resolved,2.0,53.5,ppb,resolved,,,,,mean=unweighted mean of station monthly averages; min/max=extreme station monthly values; pollutant medians unavailable in source reports,Dhaka reporting stations/city AQI
2019-07-01,2019,7,July,Monsoon,,,,,,,,,,,,,,,,,,,,,,,,,,,,,,,,,,,,,,,,,,,,,,,,,,,,,,,,,mean=unweighted mean of station monthly averages; min/max=extreme station monthly values; pollutant medians unavailable in source reports,Dhaka reporting stations/city AQI
2019-08-01,2019,8,August,Monsoon,,,,,,,,,,,,,,,,,,,,,,,,,,,,,,,,,,,,,,,,,,,,,,,,,,,,,,,,,mean=unweighted mean of station monthly averages; min/max=extreme station monthly values; pollutant medians unavailable in source reports,Dhaka reporting stations/city AQI
2019-09-01,2019,9,September,Monsoon,,,,,,,,,,,,,,,,,,,,,,,,,,,,,,,,,,,,,,,,,,,,,,,,,,,,,,,,,mean=unweighted mean of station monthly averages; min/max=extreme station monthly values; pollutant medians unavailable in source reports,Dhaka reporting stations/city AQI
2019-10-01,2019,10,October,Post-monsoon,,,,,,,,,,,,,,,,,,,,,,,,,,,,,,,,,,,,,,,,,,,,,,,,,,,,,,,,,mean=unweighted mean of station monthly averages; min/max=extreme station monthly values; pollutant medians unavailable in source reports,Dhaka reporting stations/city AQI
2019-11-01,2019,11,November,Post-monsoon,,,,,,,,,,,,,,,,,,,,,,,,,,,,,,,,,,,,,,,,,,,,,,,,,,,,,,,,,mean=unweighted mean of station monthly averages; min/max=extreme station monthly values; pollutant medians unavailable in source reports,Dhaka reporting stations/city AQI
2019-12-01,2019,12,December,Winter,,,,,,,,,,,,,,,,,,,,,,,,,,,,,,,,,,,,,,,,,,,,,,,,,,,,,,,,,mean=unweighted mean of station monthly averages; min/max=extreme station monthly values; pollutant medians unavailable in source reports,Dhaka reporting stations/city AQI
2020-01-01,2020,1,January,Winter,,,,,,,,,,,,,,,,,,,,,,,,,,,,,,,,,,,,,,,,,,,,,,,,,,,,,,,,,mean=unweighted mean of station monthly averages; min/max=extreme station monthly values; pollutant medians unavailable in source reports,Dhaka reporting stations/city AQI
2020-02-01,2020,2,February,Winter,,,,,,,,,,,,,,,,,,,,,,,,,,,,,,,,,,,,,,,,,,,,,,,,,,,,,,,,,mean=unweighted mean of station monthly averages; min/max=extreme station monthly values; pollutant medians unavailable in source reports,Dhaka reporting stations/city AQI
2020-03-01,2020,3,March,Pre-monsoon,,,,,,,,,,,,,,,,,,,,,,,,,,,,,,,,,,,,,,,,,,,,,,,,,,,,,,,,,mean=unweighted mean of station monthly averages; min/max=extreme station monthly values; pollutant medians unavailable in source reports,Dhaka reporting stations/city AQI
2020-04-01,2020,4,April,Pre-monsoon,,,,,,,,,,,,,,,,,,,,,,,,,,,,,,,,,,,,,,,,,,,,,,,,,,,,,,,,,mean=unweighted mean of station monthly averages; min/max=extreme station monthly values; pollutant medians unavailable in source reports,Dhaka reporting stations/city AQI
2020-05-01,2020,5,May,Pre-monsoon,,,,,,,,,,,,,,,,,,,,,,,,,,,,,,,,,,,,,,,,,,,,,,,,,,,,,,,,,mean=unweighted mean of station monthly averages; min/max=extreme station monthly values; pollutant medians unavailable in source reports,Dhaka reporting stations/city AQI
2020-06-01,2020,6,June,Monsoon,,,,,,,,,,,,,,,,,,,,,,,,,,,,,,,,,,,,,,,,,,,,,,,,,,,,,,,,,mean=unweighted mean of station monthly averages; min/max=extreme station monthly values; pollutant medians unavailable in source reports,Dhaka reporting stations/city AQI
2020-07-01,2020,7,July,Monsoon,,,,,,,,,,,,,,,,,,,,,,,,,,,,,,,,,,,,,,,,,,,,,,,,,,,,,,,,,mean=unweighted mean of station monthly averages; min/max=extreme station monthly values; pollutant medians unavailable in source reports,Dhaka reporting stations/city AQI
2020-08-01,2020,8,August,Monsoon,,,,,,,,,,,,,,,,,,,,,,,,,,,,,,,,,,,,,,,,,,,,,,,,,,,,,,,,,mean=unweighted mean of station monthly averages; min/max=extreme station monthly values; pollutant medians unavailable in source reports,Dhaka reporting stations/city AQI
2020-09-01,2020,9,September,Monsoon,,,,,,,,,,,,,,,,,,,,,,,,,,,,,,,,,,,,,,,,,,,,,,,,,,,,,,,,,mean=unweighted mean of station monthly averages; min/max=extreme station monthly values; pollutant medians unavailable in source reports,Dhaka reporting stations/city AQI
2020-10-01,2020,10,October,Post-monsoon,,,,,,,,,,,,,,,,,,,,,,,,,,,,,,,,,,,,,,,,,,,,,,,,,,,,,,,,,mean=unweighted mean of station monthly averages; min/max=extreme station monthly values; pollutant medians unavailable in source reports,Dhaka reporting stations/city AQI
2020-11-01,2020,11,November,Post-monsoon,,,,,,,,,,,,,,,,,,,,,,,,,,,,,,,,,,,,,,,,,,,,,,,,,,,,,,,,,mean=unweighted mean of station monthly averages; min/max=extreme station monthly values; pollutant medians unavailable in source reports,Dhaka reporting stations/city AQI
2020-12-01,2020,12,December,Winter,,,,,,,,,,,,,,,,,,,,,,,,,,,,,,,,,,,,,,,,,,,,,,,,,,,,,,,,,mean=unweighted mean of station monthly averages; min/max=extreme station monthly values; pollutant medians unavailable in source reports,Dhaka reporting stations/city AQI
2021-01-01,2021,1,January,Winter,,,,,,,,,,,,,,,,,,,,,,,,,,,,,,,,,,,,,,,,,,,,,,,,,,,,,,,,,mean=unweighted mean of station monthly averages; min/max=extreme station monthly values; pollutant medians unavailable in source reports,Dhaka reporting stations/city AQI
2021-02-01,2021,2,February,Winter,,,,,,,,,,,,,,,,,,,,,,,,,,,,,,,,,,,,,,,,,,,,,,,,,,,,,,,,,mean=unweighted mean of station monthly averages; min/max=extreme station monthly values; pollutant medians unavailable in source reports,Dhaka reporting stations/city AQI
2021-03-01,2021,3,March,Pre-monsoon,,,,,,,,,,,,,,,,,,,,,,,,,,,,,,,,,,,,,,,,,,,,,,,,,,,,,,,,,mean=unweighted mean of station monthly averages; min/max=extreme station monthly values; pollutant medians unavailable in source reports,Dhaka reporting stations/city AQI
2021-04-01,2021,4,April,Pre-monsoon,,,,,,,,,,,,,,,,,,,,,,,,,,,,,,,,,,,,,,,,,,,,,,,,,,,,,,,,,mean=unweighted mean of station monthly averages; min/max=extreme station monthly values; pollutant medians unavailable in source reports,Dhaka reporting stations/city AQI
2021-05-01,2021,5,May,Pre-monsoon,,,,,,,,,,,,,,,,,,,,,,,,,,,,,,,,,,,,,,,,,,,,,,,,,,,,,,,,,mean=unweighted mean of station monthly averages; min/max=extreme station monthly values; pollutant medians unavailable in source reports,Dhaka reporting stations/city AQI
2021-06-01,2021,6,June,Monsoon,,,,,,,,,,,,,,,,,,,,,,,,,,,,,,,,,,,,,,,,,,,,,,,,,,,,,,,,,mean=unweighted mean of station monthly averages; min/max=extreme station monthly values; pollutant medians unavailable in source reports,Dhaka reporting stations/city AQI
2021-07-01,2021,7,July,Monsoon,,,,,,,,,,,,,,,,,,,,,,,,,,,,,,,,,,,,,,,,,,,,,,,,,,,,,,,,,mean=unweighted mean of station monthly averages; min/max=extreme station monthly values; pollutant medians unavailable in source reports,Dhaka reporting stations/city AQI
2021-08-01,2021,8,August,Monsoon,,,,,,,,,,,,,,,,,,,,,,,,,,,,,,,,,,,,,,,,,,,,,,,,,,,,,,,,,mean=unweighted mean of station monthly averages; min/max=extreme station monthly values; pollutant medians unavailable in source reports,Dhaka reporting stations/city AQI
2021-09-01,2021,9,September,Monsoon,,,,,,,,,,,,,,,,,,,,,,,,,,,,,,,,,,,,,,,,,,,,,,,,,,,,,,,,,mean=unweighted mean of station monthly averages; min/max=extreme station monthly values; pollutant medians unavailable in source reports,Dhaka reporting stations/city AQI
2021-10-01,2021,10,October,Post-monsoon,,,,,,,,,,,,,,,,,,,,,,,,,,,,,,,,,,,,,,,,,,,,,,,,,,,,,,,,,mean=unweighted mean of station monthly averages; min/max=extreme station monthly values; pollutant medians unavailable in source reports,Dhaka reporting stations/city AQI
2021-11-01,2021,11,November,Post-monsoon,,,,,,,,,,,,,,,,,,,,,,,,,,,,,,,,,,,,,,,,,,,,,,,,,,,,,,,,,mean=unweighted mean of station monthly averages; min/max=extreme station monthly values; pollutant medians unavailable in source reports,Dhaka reporting stations/city AQI
2021-12-01,2021,12,December,Winter,,,,,,,,,,,,,,,,,,,,,,,,,,,,,,,,,,,,,,,,,,,,,,,,,,,,,,,,,mean=unweighted mean of station monthly averages; min/max=extreme station monthly values; pollutant medians unavailable in source reports,Dhaka reporting stations/city AQI
2022-01-01,2022,1,January,Winter,236.65,,110.0,352.9,203.15,,124.6,364.5,7.6,,3.0,18.9,3.5,,0.5,10.8,0.9,,0.0,2.2,1.85,,0.1,13.8,338.03225806451616,333.0,238.0,484.0,2.0,100.0,ug/m3,resolved,2.0,100.0,ug/m3,resolved,2.0,100.0,ppb,resolved,1.0,100.0,ppb,resolved,1.0,99.1,ppm,resolved,2.0,36.85,ppb,resolved,31.0,31.0,100.0,monthly_report_table_6,mean=unweighted mean of station monthly averages; min/max=extreme station monthly values; pollutant medians unavailable in source reports,Dhaka reporting stations/city AQI
2022-02-01,2022,2,February,Winter,155.2,,62.7,279.3,225.9,,112.4,380.8,11.649999999999999,,1.7,33.8,3.0,,0.2,5.5,0.9,,0.0,3.7,2.65,,0.5,15.9,281.39285714285717,306.5,163.0,410.0,2.0,87.1,ug/m3,resolved,2.0,87.1,ug/m3,resolved,2.0,72.55,ppb,resolved,2.0,48.4,ppb,resolved,1.0,89.9,ppm,resolved,2.0,70.95,ppb,resolved,28.0,28.0,100.0,monthly_report_table_6,mean=unweighted mean of station monthly averages; min/max=extreme station monthly values; pollutant medians unavailable in source reports,Dhaka reporting stations/city AQI
2022-03-01,2022,3,March,Pre-monsoon,150.65,,58.0,237.5,220.35000000000002,,110.2,380.6,8.15,,0.3,75.1,2.4,,0.4,3.2,0.8,,0.0,3.0,2.65,,0.5,16.4,277.16129032258067,319.0,127.0,368.0,2.0,100.0,not_resolved,partly_or_fully_unresolved_in_summary_table,2.0,82.25,not_resolved,partly_or_fully_unresolved_in_summary_table,2.0,83.85,not_resolved,partly_or_fully_unresolved_in_summary_table,1.0,100.0,not_resolved,partly_or_fully_unresolved_in_summary_table,1.0,98.5,not_resolved,partly_or_fully_unresolved_in_summary_table,2.0,94.65,not_resolved,partly_or_fully_unresolved_in_summary_table,31.0,31.0,100.0,monthly_report_table_6,mean=unweighted mean of station monthly averages; min/max=extreme station monthly values; pollutant medians unavailable in source reports,Dhaka reporting stations/city AQI
2022-04-01,2022,4,April,Pre-monsoon,64.8,,34.0,149.7,130.45,,80.2,244.2,6.45,,1.5,10.6,1.7,,0.8,2.7,1.2,,0.1,2.9,5.2,,0.6,13.5,141.23333333333332,144.5,101.0,172.0,2.0,96.8,ug/m3,resolved,2.0,96.8,ug/m3,resolved,2.0,90.35,ppb,resolved,1.0,93.5,ppb,resolved,2.0,51.050000000000004,ppm,resolved,2.0,62.5,ppb,resolved,30.0,30.0,100.0,monthly_report_table_6,mean=unweighted mean of station monthly averages; min/max=extreme station monthly values; pollutant medians unavailable in source reports,Dhaka reporting stations/city AQI
2022-05-01,2022,5,May,Pre-monsoon,65.15,,30.0,117.5,117.19999999999999,,50.5,204.9,8.2,,5.5,16.2,1.3,,0.8,1.9,1.1,,0.0,1.6,6.05,,0.6,18.0,140.29032258064515,132.0,86.0,223.0,2.0,91.95,ug/m3,resolved,2.0,95.15,ug/m3,resolved,2.0,95.15,ppb,resolved,1.0,54.8,ppb,resolved,2.0,49.5,ppm,resolved,2.0,85.15,ppb,resolved,31.0,31.0,100.0,monthly_report_table_6,mean=unweighted mean of station monthly averages; min/max=extreme station monthly values; pollutant medians unavailable in source reports,Dhaka reporting stations/city AQI
2022-06-01,2022,6,June,Monsoon,44.7,,17.9,84.3,94.8,,39.2,174.5,5.800000000000001,,0.8,32.3,1.7,,1.1,2.6,0.9,,0.1,1.9,6.35,,1.8,11.1,107.2,103.5,45.0,161.0,2.0,96.8,ug/m3,resolved,2.0,96.8,ug/m3,resolved,2.0,95.15,ppb,resolved,1.0,80.6,ppb,resolved,1.0,99.1,ppm,resolved,2.0,59.050000000000004,ppb,resolved,30.0,30.0,100.0,monthly_report_table_6,mean=unweighted mean of station monthly averages; min/max=extreme station monthly values; pollutant medians unavailable in source reports,Dhaka reporting stations/city AQI
2022-07-01,2022,7,July,Monsoon,40.9,,16.9,79.6,68.7,,30.1,125.3,3.3000000000000003,,0.6,6.8,1.3,,0.3,2.3,1.3,,0.2,2.3,6.3,,0.6,11.7,100.2258064516129,106.0,47.0,144.0,2.0,100.0,not_resolved,partly_or_fully_unresolved_in_summary_table,2.0,100.0,not_resolved,partly_or_fully_unresolved_in_summary_table,2.0,100.0,not_resolved,partly_or_fully_unresolved_in_summary_table,1.0,29.0,not_resolved,partly_or_fully_unresolved_in_summary_table,1.0,89.5,not_resolved,partly_or_fully_unresolved_in_summary_table,2.0,85.25,not_resolved,partly_or_fully_unresolved_in_summary_table,31.0,31.0,100.0,monthly_report_table_6,mean=unweighted mean of station monthly averages; min/max=extreme station monthly values; pollutant medians unavailable in source reports,Dhaka reporting stations/city AQI
2022-08-01,2022,8,August,Monsoon,53.349999999999994,,25.7,123.9,89.25,,45.8,188.9,4.7,,0.5,9.2,2.4,,1.1,3.8,2.1,,0.0,3.9,7.25,,3.3,11.7,118.64516129032258,110.0,63.0,188.0,2.0,98.4,not_resolved,partly_or_fully_unresolved_in_summary_table,2.0,95.15,not_resolved,partly_or_fully_unresolved_in_summary_table,2.0,93.55,not_resolved,partly_or_fully_unresolved_in_summary_table,1.0,41.9,not_resolved,partly_or_fully_unresolved_in_summary_table,1.0,95.8,not_resolved,partly_or_fully_unresolved_in_summary_table,2.0,43.65,not_resolved,partly_or_fully_unresolved_in_summary_table,31.0,31.0,100.0,monthly_report_table_6,mean=unweighted mean of station monthly averages; min/max=extreme station monthly values; pollutant medians unavailable in source reports,Dhaka reporting stations/city AQI
2022-09-01,2022,9,September,Monsoon,62.800000000000004,,26.3,174.4,110.55,,39.3,248.8,4.0,,0.3,7.7,3.1,,1.0,4.1,2.4,,0.0,4.1,4.7,,0.1,13.5,138.86666666666667,137.5,65.0,291.0,2.0,91.94999999999999,not_resolved,partly_or_fully_unresolved_in_summary_table,2.0,91.94999999999999,not_resolved,partly_or_fully_unresolved_in_summary_table,2.0,56.45,not_resolved,partly_or_fully_unresolved_in_summary_table,1.0,29.0,not_resolved,partly_or_fully_unresolved_in_summary_table,1.0,87.5,not_resolved,partly_or_fully_unresolved_in_summary_table,2.0,61.849999999999994,not_resolved,partly_or_fully_unresolved_in_summary_table,30.0,30.0,100.0,monthly_report_table_6,mean=unweighted mean of station monthly averages; min/max=extreme station monthly values; pollutant medians unavailable in source reports,Dhaka reporting stations/city AQI
2022-10-01,2022,10,October,Post-monsoon,78.65,,25.4,186.8,125.85,,44.6,346.1,6.949999999999999,,0.1,25.5,0.7,,0.2,1.9,2.9,,0.1,8.2,4.65,,0.1,58.6,152.09677419354838,146.0,53.0,321.0,2.0,79.05,not_resolved,partly_or_fully_unresolved_in_summary_table,2.0,67.75,not_resolved,partly_or_fully_unresolved_in_summary_table,2.0,67.75,not_resolved,partly_or_fully_unresolved_in_summary_table,1.0,16.1,not_resolved,partly_or_fully_unresolved_in_summary_table,1.0,46.1,not_resolved,partly_or_fully_unresolved_in_summary_table,2.0,35.35,not_resolved,partly_or_fully_unresolved_in_summary_table,31.0,31.0,100.0,monthly_report_table_6,mean=unweighted mean of station monthly averages; min/max=extreme station monthly values; pollutant medians unavailable in source reports,Dhaka reporting stations/city AQI
2022-11-01,2022,11,November,Post-monsoon,127.95,,48.0,227.8,177.35,,85.9,324.3,12.600000000000001,,1.7,112.6,5.3,,0.8,8.9,3.7,,0.3,9.0,6.5,,0.1,21.0,238.76666666666668,210.0,154.0,348.0,2.0,80.65,not_resolved,partly_or_fully_unresolved_in_summary_table,2.0,61.300000000000004,not_resolved,partly_or_fully_unresolved_in_summary_table,2.0,79.0,not_resolved,partly_or_fully_unresolved_in_summary_table,1.0,80.6,not_resolved,partly_or_fully_unresolved_in_summary_table,1.0,74.1,not_resolved,partly_or_fully_unresolved_in_summary_table,1.0,79.4,not_resolved,partly_or_fully_unresolved_in_summary_table,30.0,30.0,100.0,monthly_report_table_6,mean=unweighted mean of station monthly averages; min/max=extreme station monthly values; pollutant medians unavailable in source reports,Dhaka reporting stations/city AQI
2022-12-01,2022,12,December,Winter,207.60000000000002,,112.8,346.5,273.35,,176.6,468.3,28.75,,3.7,61.7,4.15,,1.7,7.8,3.0,,0.1,6.1,4.699999999999999,,0.1,18.5,336.0,351.0,216.0,469.0,2.0,96.75,not_resolved,partly_or_fully_unresolved_in_summary_table,2.0,74.15,not_resolved,partly_or_fully_unresolved_in_summary_table,2.0,69.35,not_resolved,partly_or_fully_unresolved_in_summary_table,2.0,54.85,not_resolved,partly_or_fully_unresolved_in_summary_table,1.0,96.5,not_resolved,partly_or_fully_unresolved_in_summary_table,2.0,35.8,not_resolved,partly_or_fully_unresolved_in_summary_table,31.0,31.0,100.0,monthly_report_table_6,mean=unweighted mean of station monthly averages; min/max=extreme station monthly values; pollutant medians unavailable in source reports,Dhaka reporting stations/city AQI
2023-01-01,2023,1,January,Winter,229.76666666666665,,7.7,491.9,312.93333333333334,,196.8,737.4,23.066666666666666,,0.2,85.0,8.6,,0.1,29.6,5.066666666666666,,0.0,13.2,3.35,,0.1,29.2,278.48387096774195,272.0,202.0,392.0,3.0,96.76666666666667,not_resolved,partly_or_fully_unresolved_in_summary_table,3.0,66.63333333333334,not_resolved,partly_or_fully_unresolved_in_summary_table,3.0,83.83333333333333,not_resolved,partly_or_fully_unresolved_in_summary_table,3.0,41.93333333333333,not_resolved,partly_or_fully_unresolved_in_summary_table,3.0,79.13333333333334,not_resolved,partly_or_fully_unresolved_in_summary_table,2.0,77.95,not_resolved,partly_or_fully_unresolved_in_summary_table,31.0,31.0,100.0,monthly_report_table_6,mean=unweighted mean of station monthly averages; min/max=extreme station monthly values; pollutant medians unavailable in source reports,Dhaka reporting stations/city AQI
2023-02-01,2023,2,February,Winter,144.93333333333334,,74.8,290.7,264.75,,140.7,462.6,14.0,,2.6,42.1,8.4,,0.3,17.7,3.9333333333333336,,0.0,11.3,4.65,,0.1,20.2,213.57142857142858,197.0,167.0,298.0,3.0,68.83333333333333,ug/m3,resolved,2.0,90.3,ug/m3,resolved,3.0,63.43333333333334,ppb,resolved,2.0,19.35,ppb,resolved,3.0,64.43333333333334,ppm,resolved,2.0,58.599999999999994,ppb,resolved,28.0,28.0,100.0,monthly_report_table_6,mean=unweighted mean of station monthly averages; min/max=extreme station monthly values; pollutant medians unavailable in source reports,Dhaka reporting stations/city AQI
2023-03-01,2023,3,March,Pre-monsoon,114.73333333333333,,22.6,286.7,202.76666666666665,,10.5,415.4,21.2,,1.7,81.2,15.7,,1.6,30.2,1.8,,0.0,6.3,8.6,,0.1,28.9,184.6451612903226,178.0,121.0,301.0,3.0,97.83333333333333,ug/m3,resolved,3.0,97.83333333333333,ug/m3,resolved,3.0,97.83333333333333,ppb,resolved,2.0,75.8,ppb,resolved,3.0,77.66666666666667,ppm,resolved,2.0,68.7,ppb,resolved,31.0,31.0,100.0,monthly_report_table_6,mean=unweighted mean of station monthly averages; min/max=extreme station monthly values; pollutant medians unavailable in source reports,Dhaka reporting stations/city AQI
2023-04-01,2023,4,April,Pre-monsoon,88.63333333333333,,11.9,226.3,140.23333333333335,,68.6,279.8,23.433333333333337,,0.9,97.4,17.299999999999997,,0.4,43.6,2.033333333333333,,0.0,8.1,8.65,,0.1,20.4,166.23333333333332,161.5,135.0,223.0,3.0,82.8,ug/m3,resolved,3.0,64.53333333333333,ug/m3,resolved,3.0,84.93333333333334,ppb,resolved,2.0,67.75,ppb,resolved,3.0,81.73333333333333,ppm,resolved,2.0,47.3,ppb,resolved,30.0,30.0,100.0,monthly_report_table_6,mean=unweighted mean of station monthly averages; min/max=extreme station monthly values; pollutant medians unavailable in source reports,Dhaka reporting stations/city AQI
2023-05-01,2023,5,May,Pre-monsoon,68.53333333333333,,18.5,288.1,124.6,,47.9,582.8,17.933333333333334,,2.6,65.3,13.4,,1.0,38.2,1.9666666666666668,,0.2,5.2,9.45,,0.4,30.8,148.93103448275863,149.0,93.0,201.0,3.0,97.86666666666667,ug/m3,resolved,2.0,96.75,ug/m3,resolved,3.0,96.76666666666667,ppb,resolved,2.0,91.94999999999999,ppb,resolved,3.0,97.09999999999998,ppm,resolved,2.0,77.3,ppb,resolved,29.0,31.0,93.54838709677419,monthly_report_table_6,mean=unweighted mean of station monthly averages; min/max=extreme station monthly values; pollutant medians unavailable in source reports,Dhaka reporting stations/city AQI
2023-06-01,2023,6,June,Monsoon,49.26666666666667,,5.5,202.5,111.33333333333333,,22.5,419.7,15.333333333333336,,0.5,136.9,10.433333333333332,,1.7,23.4,1.6333333333333335,,0.0,4.8,6.3,,0.2,25.0,119.36666666666666,119.0,64.0,165.0,3.0,93.53333333333335,ug/m3,resolved,3.0,70.93333333333334,ug/m3,resolved,3.0,87.06666666666666,ppb,resolved,3.0,64.5,ppb,resolved,3.0,88.63333333333333,ppm,resolved,2.0,89.3,ppb,resolved,30.0,30.0,100.0,monthly_report_table_6,mean=unweighted mean of station monthly averages; min/max=extreme station monthly values; pollutant medians unavailable in source reports,Dhaka reporting stations/city AQI
2023-07-01,2023,7,July,Monsoon,29.400000000000002,,5.5,250.0,65.73333333333333,,24.5,369.3,22.933333333333334,,2.0,148.8,10.299999999999999,,1.5,37.3,1.5666666666666667,,0.0,4.4,5.4,,0.1,29.6,81.70967741935483,82.0,63.0,115.0,3.0,100.0,ug/m3,resolved,3.0,100.0,ug/m3,resolved,3.0,89.23333333333333,ppb,resolved,3.0,75.26666666666667,ppb,resolved,3.0,83.03333333333333,ppm,resolved,2.0,97.25,ppb,resolved,31.0,31.0,100.0,monthly_report_table_6,mean=unweighted mean of station monthly averages; min/max=extreme station monthly values; pollutant medians unavailable in source reports,Dhaka reporting stations/city AQI
2023-08-01,2023,8,August,Monsoon,53.56666666666666,,13.7,352.6,83.0,,11.4,246.5,15.033333333333331,,2.3,113.4,11.333333333333334,,0.7,28.3,3.5,,0.7,12.8,4.35,,0.1,28.4,119.70967741935483,115.0,73.0,188.0,3.0,90.33333333333333,ug/m3,resolved,3.0,87.10000000000001,ug/m3,resolved,3.0,93.56666666666666,ppb,resolved,3.0,92.46666666666665,ppb,resolved,3.0,87.93333333333334,ppm,resolved,2.0,75.85,ppb,resolved,31.0,31.0,100.0,standalone_daily_archive_report_date,mean=unweighted mean of station monthly averages; min/max=extreme station monthly values; pollutant medians unavailable in source reports,Dhaka reporting stations/city AQI
2023-09-01,2023,9,September,Monsoon,44.46666666666667,,14.8,100.1,93.13333333333333,,14.9,236.9,21.96666666666667,,0.3,82.9,11.166666666666666,,0.5,33.9,3.1999999999999997,,1.1,10.3,3.95,,0.1,23.6,115.93333333333334,121.5,74.0,173.0,3.0,91.39999999999999,ug/m3,resolved,3.0,87.10000000000001,ug/m3,resolved,3.0,92.5,ppb,resolved,3.0,95.7,ppb,resolved,3.0,87.93333333333334,ppm,resolved,2.0,58.05,ppb,resolved,30.0,30.0,100.0,monthly_report_table_6,mean=unweighted mean of station monthly averages; min/max=extreme station monthly values; pollutant medians unavailable in source reports,Dhaka reporting stations/city AQI
2023-10-01,2023,10,October,Post-monsoon,67.5,,15.0,178.8,103.96666666666665,,18.3,301.4,33.6,,1.8,128.7,8.866666666666667,,1.6,21.4,3.7000000000000006,,0.3,19.5,6.1,,0.9,28.0,145.58064516129033,158.0,84.0,198.0,3.0,89.23333333333333,ug/m3,resolved,3.0,73.13333333333334,ug/m3,resolved,3.0,92.46666666666665,ppb,resolved,3.0,82.8,ppb,resolved,3.0,87.7,ppm,resolved,2.0,48.0,ppb,resolved,31.0,31.0,100.0,monthly_report_table_6,mean=unweighted mean of station monthly averages; min/max=extreme station monthly values; pollutant medians unavailable in source reports,Dhaka reporting stations/city AQI
2023-11-01,2023,11,November,Post-monsoon,91.23333333333333,,17.9,221.7,136.36666666666667,,24.9,304.0,33.43333333333334,,1.6,116.8,11.4,,2.5,22.7,6.333333333333333,,1.0,20.0,5.35,,0.4,23.0,163.43333333333334,169.5,83.0,211.0,3.0,93.53333333333335,ug/m3,resolved,3.0,68.83333333333333,ug/m3,resolved,3.0,96.8,ppb,resolved,3.0,64.53333333333333,ppb,resolved,3.0,88.03333333333335,ppm,resolved,2.0,95.15,ppb,resolved,30.0,30.0,100.0,monthly_report_table_6,mean=unweighted mean of station monthly averages; min/max=extreme station monthly values; pollutant medians unavailable in source reports,Dhaka reporting stations/city AQI
2023-12-01,2023,12,December,Winter,127.16666666666669,,15.7,250.7,206.73333333333332,,22.1,408.0,34.93333333333333,,0.2,116.0,12.0,,1.9,32.4,5.8,,0.0,20.0,4.75,,0.8,12.9,190.09677419354838,195.0,66.0,236.0,3.0,97.83333333333333,ug/m3,resolved,3.0,67.73333333333333,ug/m3,resolved,3.0,95.7,ppb,resolved,3.0,46.23333333333333,ppb,resolved,3.0,91.89999999999999,ppm,resolved,2.0,98.5,ppb,resolved,31.0,31.0,100.0,monthly_report_table_6,mean=unweighted mean of station monthly averages; min/max=extreme station monthly values; pollutant medians unavailable in source reports,Dhaka reporting stations/city AQI
2024-01-01,2024,1,January,Winter,169.63333333333333,,104.7,302.4,273.59999999999997,,152.1,626.4,5.7,,0.1,11.9,8.533333333333333,,0.7,14.9,1.2666666666666668,,0.0,3.4,4.7,,0.3,14.2,226.03225806451613,225.0,183.0,296.0,3.0,98.93333333333334,not_resolved,partly_or_fully_unresolved_in_summary_table,3.0,90.33333333333333,not_resolved,partly_or_fully_unresolved_in_summary_table,2.0,85.5,not_resolved,partly_or_fully_unresolved_in_summary_table,3.0,66.66666666666667,not_resolved,partly_or_fully_unresolved_in_summary_table,3.0,67.83333333333333,not_resolved,partly_or_fully_unresolved_in_summary_table,2.0,99.0,not_resolved,partly_or_fully_unresolved_in_summary_table,31.0,31.0,100.0,monthly_report_table_6,mean=unweighted mean of station monthly averages; min/max=extreme station monthly values; pollutant medians unavailable in source reports,Dhaka reporting stations/city AQI
2024-02-01,2024,2,February,Winter,135.13333333333333,,52.6,229.5,259.8666666666666,,101.6,463.1,2.55,,0.4,7.6,8.366666666666667,,2.5,11.8,1.7333333333333332,,0.2,4.0,5.9,,0.3,20.9,201.3793103448276,204.0,144.0,259.0,3.0,93.5,not_resolved,partly_or_fully_unresolved_in_summary_table,3.0,88.13333333333333,not_resolved,partly_or_fully_unresolved_in_summary_table,2.0,59.65,not_resolved,partly_or_fully_unresolved_in_summary_table,3.0,73.10000000000001,not_resolved,partly_or_fully_unresolved_in_summary_table,3.0,57.43333333333333,not_resolved,partly_or_fully_unresolved_in_summary_table,2.0,92.4,not_resolved,partly_or_fully_unresolved_in_summary_table,29.0,29.0,100.0,monthly_report_table_6,mean=unweighted mean of station monthly averages; min/max=extreme station monthly values; pollutant medians unavailable in source reports,Dhaka reporting stations/city AQI
2024-03-01,2024,3,March,Pre-monsoon,99.83333333333333,,31.3,185.5,187.29999999999998,,64.1,293.2,5.6,,0.7,13.5,7.666666666666667,,0.5,13.8,1.2999999999999998,,0.5,3.1,6.4,,0.3,26.1,170.4516129032258,173.0,119.0,214.0,3.0,96.76666666666667,not_resolved,partly_or_fully_unresolved_in_summary_table,3.0,100.0,not_resolved,partly_or_fully_unresolved_in_summary_table,2.0,100.0,not_resolved,partly_or_fully_unresolved_in_summary_table,3.0,87.10000000000001,not_resolved,partly_or_fully_unresolved_in_summary_table,2.0,96.25,not_resolved,partly_or_fully_unresolved_in_summary_table,2.0,99.1,not_resolved,partly_or_fully_unresolved_in_summary_table,31.0,31.0,100.0,monthly_report_table_6,mean=unweighted mean of station monthly averages; min/max=extreme station monthly values; pollutant medians unavailable in source reports,Dhaka reporting stations/city AQI
2024-04-01,2024,4,April,Pre-monsoon,72.66666666666667,,28.8,173.3,128.23333333333335,,74.2,244.7,13.899999999999999,,0.1,39.5,6.3,,0.1,12.3,1.35,,0.1,3.6,7.75,,1.1,30.0,149.1,146.5,108.0,196.0,3.0,78.5,not_resolved,partly_or_fully_unresolved_in_summary_table,3.0,76.3,not_resolved,partly_or_fully_unresolved_in_summary_table,3.0,69.86666666666667,not_resolved,partly_or_fully_unresolved_in_summary_table,3.0,65.60000000000001,not_resolved,partly_or_fully_unresolved_in_summary_table,2.0,70.05,not_resolved,partly_or_fully_unresolved_in_summary_table,2.0,73.94999999999999,not_resolved,partly_or_fully_unresolved_in_summary_table,30.0,30.0,100.0,monthly_report_table_6,mean=unweighted mean of station monthly averages; min/max=extreme station monthly values; pollutant medians unavailable in source reports,Dhaka reporting stations/city AQI
2024-05-01,2024,5,May,Pre-monsoon,58.56666666666666,,15.5,142.8,120.26666666666665,,17.2,244.7,14.81,,0.2,40.81,5.733333333333334,,0.1,10.7,1.65,,0.3,3.7,8.05,,2.3,41.4,131.25806451612902,127.0,73.0,176.0,3.0,94.63333333333333,not_resolved,partly_or_fully_unresolved_in_summary_table,3.0,69.89999999999999,not_resolved,partly_or_fully_unresolved_in_summary_table,3.0,86.01666666666667,not_resolved,partly_or_fully_unresolved_in_summary_table,3.0,81.73333333333333,not_resolved,partly_or_fully_unresolved_in_summary_table,2.0,68.75,not_resolved,partly_or_fully_unresolved_in_summary_table,2.0,88.65,not_resolved,partly_or_fully_unresolved_in_summary_table,31.0,31.0,100.0,standalone_daily_archive_report_date,mean=unweighted mean of station monthly averages; min/max=extreme station monthly values; pollutant medians unavailable in source reports,Dhaka reporting stations/city AQI
2024-06-01,2024,6,June,Monsoon,42.1,,16.5,111.6,72.36666666666666,,24.8,148.4,10.433333333333334,,0.1,35.2,5.033333333333333,,0.1,8.6,1.4666666666666668,,0.5,3.3,5.4,,0.1,22.9,106.66666666666667,101.0,72.0,178.0,3.0,89.23333333333335,not_resolved,partly_or_fully_unresolved_in_summary_table,3.0,75.3,not_resolved,partly_or_fully_unresolved_in_summary_table,3.0,69.89999999999999,not_resolved,partly_or_fully_unresolved_in_summary_table,3.0,74.2,not_resolved,partly_or_fully_unresolved_in_summary_table,3.0,62.6,not_resolved,partly_or_fully_unresolved_in_summary_table,2.0,93.7,not_resolved,partly_or_fully_unresolved_in_summary_table,30.0,30.0,100.0,monthly_report_table_6,mean=unweighted mean of station monthly averages; min/max=extreme station monthly values; pollutant medians unavailable in source reports,Dhaka reporting stations/city AQI
2024-07-01,2024,7,July,Monsoon,27.46666666666667,,11.0,48.1,46.96666666666667,,17.2,91.6,10.333333333333334,,0.1,42.3,5.0,,0.6,14.3,1.9666666666666668,,0.3,3.6,4.1,,0.1,26.6,82.70967741935483,85.0,59.0,108.0,3.0,96.76666666666667,not_resolved,partly_or_fully_unresolved_in_summary_table,3.0,68.83333333333333,not_resolved,partly_or_fully_unresolved_in_summary_table,3.0,79.56666666666666,not_resolved,partly_or_fully_unresolved_in_summary_table,3.0,73.10000000000001,not_resolved,partly_or_fully_unresolved_in_summary_table,3.0,95.76666666666667,not_resolved,partly_or_fully_unresolved_in_summary_table,2.0,96.9,not_resolved,partly_or_fully_unresolved_in_summary_table,31.0,31.0,100.0,monthly_report_table_6,mean=unweighted mean of station monthly averages; min/max=extreme station monthly values; pollutant medians unavailable in source reports,Dhaka reporting stations/city AQI
2024-08-01,2024,8,August,Monsoon,30.400000000000002,,6.6,74.5,50.23333333333333,,14.5,113.5,12.733333333333334,,1.3,55.0,4.2,,0.2,6.6,1.6000000000000003,,0.0,3.1,2.55,,0.1,18.1,89.93548387096774,85.0,44.0,148.0,3.0,95.66666666666667,not_resolved,partly_or_fully_unresolved_in_summary_table,3.0,88.16666666666667,not_resolved,partly_or_fully_unresolved_in_summary_table,3.0,87.06666666666666,not_resolved,partly_or_fully_unresolved_in_summary_table,2.0,100.0,not_resolved,partly_or_fully_unresolved_in_summary_table,3.0,96.23333333333333,not_resolved,partly_or_fully_unresolved_in_summary_table,2.0,61.349999999999994,not_resolved,partly_or_fully_unresolved_in_summary_table,31.0,31.0,100.0,monthly_report_table_6,mean=unweighted mean of station monthly averages; min/max=extreme station monthly values; pollutant medians unavailable in source reports,Dhaka reporting stations/city AQI
2024-09-01,2024,9,September,Monsoon,45.23333333333333,,12.7,132.0,61.699999999999996,,19.1,178.4,11.333333333333334,,0.9,37.8,6.633333333333333,,1.7,14.3,1.8666666666666665,,0.1,4.5,4.15,,0.1,42.3,111.86666666666666,104.5,69.0,162.0,3.0,93.56666666666666,not_resolved,partly_or_fully_unresolved_in_summary_table,3.0,78.5,not_resolved,partly_or_fully_unresolved_in_summary_table,3.0,94.63333333333333,not_resolved,partly_or_fully_unresolved_in_summary_table,3.0,94.63333333333333,not_resolved,partly_or_fully_unresolved_in_summary_table,3.0,95.60000000000001,not_resolved,partly_or_fully_unresolved_in_summary_table,2.0,95.30000000000001,not_resolved,partly_or_fully_unresolved_in_summary_table,30.0,30.0,100.0,monthly_report_table_6,mean=unweighted mean of station monthly averages; min/max=extreme station monthly values; pollutant medians unavailable in source reports,Dhaka reporting stations/city AQI
2024-10-01,2024,10,October,Post-monsoon,75.89999999999999,,14.4,213.3,105.76666666666665,,20.5,302.4,13.333333333333334,,1.1,66.6,6.033333333333334,,0.1,11.8,2.466666666666667,,0.3,4.9,4.9,,1.5,37.0,146.2258064516129,153.0,71.0,230.0,3.0,94.63333333333333,not_resolved,partly_or_fully_unresolved_in_summary_table,3.0,78.5,not_resolved,partly_or_fully_unresolved_in_summary_table,3.0,98.93333333333334,not_resolved,partly_or_fully_unresolved_in_summary_table,3.0,83.86666666666666,not_resolved,partly_or_fully_unresolved_in_summary_table,3.0,97.03333333333335,not_resolved,partly_or_fully_unresolved_in_summary_table,2.0,93.94999999999999,not_resolved,partly_or_fully_unresolved_in_summary_table,31.0,31.0,100.0,monthly_report_table_6,mean=unweighted mean of station monthly averages; min/max=extreme station monthly values; pollutant medians unavailable in source reports,Dhaka reporting stations/city AQI
2024-11-01,2024,11,November,Post-monsoon,103.10000000000001,,24.5,226.5,138.9,,34.7,320.6,11.933333333333332,,1.1,135.4,6.166666666666667,,0.7,20.9,2.6333333333333333,,0.2,6.4,9.75,,0.8,65.8,170.8,172.0,91.0,242.0,3.0,89.23333333333333,ug/m3,resolved,2.0,91.9,ug/m3,resolved,3.0,92.46666666666665,ppb,resolved,3.0,46.23333333333333,ppb,resolved,3.0,95.23333333333335,ppm,resolved,2.0,95.65,ppb,resolved,30.0,30.0,100.0,monthly_report_table_6,mean=unweighted mean of station monthly averages; min/max=extreme station monthly values; pollutant medians unavailable in source reports,Dhaka reporting stations/city AQI
2024-12-01,2024,12,December,Winter,164.00000000000003,,78.1,331.6,222.0666666666667,,72.1,386.2,24.966666666666665,,0.7,126.9,5.4,,1.0,20.8,2.6666666666666665,,1.0,5.4,6.3,,0.0,53.3,215.83870967741936,216.0,171.0,335.0,3.0,91.39999999999999,not_resolved,partly_or_fully_unresolved_in_summary_table,3.0,69.89999999999999,not_resolved,partly_or_fully_unresolved_in_summary_table,3.0,77.39999999999999,not_resolved,partly_or_fully_unresolved_in_summary_table,2.0,58.05,not_resolved,partly_or_fully_unresolved_in_summary_table,3.0,81.5,not_resolved,partly_or_fully_unresolved_in_summary_table,2.0,59.56666666666666,not_resolved,partly_or_fully_unresolved_in_summary_table,31.0,31.0,100.0,monthly_report_table_6,mean=unweighted mean of station monthly averages; min/max=extreme station monthly values; pollutant medians unavailable in source reports,Dhaka reporting stations/city AQI
2025-01-01,2025,1,January,Winter,172.30000000000004,,76.7,350.5,291.3333333333333,,170.3,521.8,21.049999999999997,,3.8,74.9,2.5,,0.6,11.2,2.0333333333333337,,0.1,6.0,6.733333333333333,,0.2,129.1,238.7741935483871,222.0,175.0,367.0,3.0,93.56666666666666,ug/m3,resolved,3.0,82.8,ug/m3,resolved,2.0,98.4,ppb,resolved,3.0,68.8,ppb,resolved,3.0,93.96666666666665,ppm,resolved,3.0,88.3,ppb,resolved,31.0,31.0,100.0,monthly_report_table_6,mean=unweighted mean of station monthly averages; min/max=extreme station monthly values; pollutant medians unavailable in source reports,Dhaka reporting stations/city AQI
2025-02-01,2025,2,February,Winter,138.33333333333334,,71.8,255.9,257.1666666666667,,136.8,428.1,39.699999999999996,,5.2,117.1,9.266666666666666,,0.8,43.6,1.2666666666666666,,0.2,3.6,8.566666666666668,,0.1,54.5,222.35714285714286,216.0,176.0,330.0,3.0,89.23333333333333,ug/m3,resolved,3.0,87.06666666666666,ug/m3,resolved,3.0,90.3,ppb,resolved,3.0,82.76666666666667,ppb,resolved,3.0,88.93333333333334,ppm,resolved,3.0,89.23333333333333,ppb,resolved,28.0,28.0,100.0,monthly_report_table_6,mean=unweighted mean of station monthly averages; min/max=extreme station monthly values; pollutant medians unavailable in source reports,Dhaka reporting stations/city AQI
2025-03-01,2025,3,March,Pre-monsoon,95.03333333333335,,41.5,177.6,211.1,,81.6,386.0,23.266666666666666,,2.2,71.4,14.233333333333334,,0.5,64.2,1.2000000000000002,,0.4,4.1,10.166666666666666,,0.1,54.1,183.2258064516129,174.0,153.0,275.0,3.0,97.83333333333333,ug/m3,resolved,3.0,63.4,ug/m3,resolved,3.0,97.83333333333333,ppb,resolved,3.0,88.16666666666667,ppb,resolved,3.0,84.26666666666667,ppm,resolved,3.0,94.0,ppb,resolved,31.0,31.0,100.0,standalone_daily_archive_report_date,mean=unweighted mean of station monthly averages; min/max=extreme station monthly values; pollutant medians unavailable in source reports,Dhaka reporting stations/city AQI
2025-04-01,2025,4,April,Pre-monsoon,59.46666666666667,,31.0,130.1,113.23333333333335,,17.1,229.3,14.466666666666667,,2.3,41.6,7.333333333333333,,0.8,25.3,0.95,,0.0,5.4,10.2,,0.1,50.5,151.06666666666666,155.5,105.0,210.0,3.0,90.3,ug/m3,resolved,3.0,88.16666666666667,ug/m3,resolved,3.0,93.53333333333335,ppb,resolved,3.0,80.60000000000001,ppb,resolved,2.0,91.6,ppm,resolved,3.0,90.26666666666667,ppb,resolved,30.0,30.0,100.0,monthly_report_table_6,mean=unweighted mean of station monthly averages; min/max=extreme station monthly values; pollutant medians unavailable in source reports,Dhaka reporting stations/city AQI
2025-05-01,2025,5,May,Pre-monsoon,,,,,,,,,,,,,,,,,,,,,,,,,139.41379310344828,149.0,61.0,192.0,,,,,,,,,,,,,,,,,,,,,,,,,29.0,31.0,93.54838709677419,standalone_daily_archive_report_date,mean=unweighted mean of station monthly averages; min/max=extreme station monthly values; pollutant medians unavailable in source reports,Dhaka reporting stations/city AQI
2025-06-01,2025,6,June,Monsoon,33.1,,4.9,71.9,60.633333333333326,,31.4,137.0,16.166666666666668,,0.8,51.5,4.8,,2.1,6.8,0.95,,0.0,4.0,10.600000000000001,,0.7,36.9,103.93333333333334,100.0,74.0,156.0,3.0,75.26666666666667,not_resolved,partly_or_fully_unresolved_in_summary_table,3.0,57.0,not_resolved,partly_or_fully_unresolved_in_summary_table,3.0,72.03333333333333,not_resolved,partly_or_fully_unresolved_in_summary_table,3.0,34.400000000000006,not_resolved,partly_or_fully_unresolved_in_summary_table,2.0,36.1,not_resolved,partly_or_fully_unresolved_in_summary_table,2.0,74.85,not_resolved,partly_or_fully_unresolved_in_summary_table,30.0,30.0,100.0,monthly_report_table_6,mean=unweighted mean of station monthly averages; min/max=extreme station monthly values; pollutant medians unavailable in source reports,Dhaka reporting stations/city AQI
2025-07-01,2025,7,July,Monsoon,42.5,,11.9,101.4,67.26666666666667,,30.5,163.1,14.899999999999999,,1.3,38.0,4.25,,0.1,8.6,1.45,,0.1,5.2,10.1,,1.7,55.6,122.70967741935483,120.0,80.0,165.0,3.0,100.0,ug/m3,resolved,3.0,100.0,ug/m3,resolved,3.0,100.0,ppb,resolved,2.0,75.8,ppb,resolved,2.0,98.25,ppm,resolved,2.0,99.55,ppb,resolved,31.0,31.0,100.0,monthly_report_table_6,mean=unweighted mean of station monthly averages; min/max=extreme station monthly values; pollutant medians unavailable in source reports,Dhaka reporting stations/city AQI
2025-08-01,2025,8,August,Monsoon,48.63333333333333,,22.9,324.5,60.26666666666667,,31.7,151.0,11.336666666666666,,0.6,36.24,5.449999999999999,,0.5,20.0,0.4,,0.1,2.1,14.45,,3.0,79.8,113.3225806451613,105.0,75.0,154.0,3.0,80.63333333333334,ug/m3,resolved,3.0,73.10000000000001,ug/m3,resolved,3.0,100.0,ppb,resolved,2.0,90.35,ppb,resolved,2.0,93.3,ppm,resolved,2.0,98.2,ppb,resolved,31.0,31.0,100.0,monthly_report_table_6,mean=unweighted mean of station monthly averages; min/max=extreme station monthly values; pollutant medians unavailable in source reports,Dhaka reporting stations/city AQI
2025-09-01,2025,9,September,Monsoon,47.699999999999996,,20.5,108.0,59.63333333333333,,27.8,107.1,8.806666666666667,,0.8,28.0,3.4000000000000004,,0.5,9.3,0.6000000000000001,,0.1,3.6,13.2,,0.7,49.9,124.26666666666667,127.5,78.0,178.0,3.0,87.10000000000001,ug/m3,resolved,3.0,63.46666666666666,ug/m3,resolved,3.0,94.64,ppb,resolved,2.0,91.9,ppb,resolved,2.0,91.05000000000001,ppm,resolved,2.0,90.6,ppb,resolved,30.0,30.0,100.0,monthly_report_table_6,mean=unweighted mean of station monthly averages; min/max=extreme station monthly values; pollutant medians unavailable in source reports,Dhaka reporting stations/city AQI
2025-10-01,2025,10,October,Post-monsoon,59.79999999999999,,21.7,82.5,99.43333333333332,,33.6,219.4,6.989999999999999,,1.5,33.0,4.800000000000001,,1.1,12.1,1.1333333333333333,,0.01,5.8,11.633333333333335,,0.2,57.9,146.90322580645162,156.0,76.0,174.0,3.0,68.83333333333333,ug/m3,resolved,3.0,66.7,ug/m3,resolved,3.0,96.79,ppb,resolved,2.0,91.94999999999999,ppb,resolved,3.0,66.13333333333333,ppm,resolved,3.0,64.36666666666666,ppb,resolved,31.0,31.0,100.0,monthly_report_table_6,mean=unweighted mean of station monthly averages; min/max=extreme station monthly values; pollutant medians unavailable in source reports,Dhaka reporting stations/city AQI
2025-11-01,2025,11,November,Post-monsoon,95.33333333333333,,20.8,182.0,123.60000000000001,,17.0,271.6,16.22,,1.3,51.1,5.949999999999999,,0.7,17.7,0.85,,0.0,3.3,10.75,,0.1,53.6,167.0,173.0,91.0,210.0,3.0,87.10000000000001,not_resolved,partly_or_fully_unresolved_in_summary_table,3.0,71.0,not_resolved,partly_or_fully_unresolved_in_summary_table,3.0,76.36,not_resolved,partly_or_fully_unresolved_in_summary_table,2.0,96.8,not_resolved,partly_or_fully_unresolved_in_summary_table,2.0,95.6,not_resolved,partly_or_fully_unresolved_in_summary_table,2.0,80.85,not_resolved,partly_or_fully_unresolved_in_summary_table,30.0,30.0,100.0,monthly_report_table_6,mean=unweighted mean of station monthly averages; min/max=extreme station monthly values; pollutant medians unavailable in source reports,Dhaka reporting stations/city AQI
2025-12-01,2025,12,December,Winter,131.23333333333335,,20.1,364.3,167.33333333333334,,19.8,313.4,18.096666666666668,,1.4,55.0,11.15,,1.1,41.8,0.75,,0.1,9.9,19.6,,0.2,169.5,201.06451612903226,182.0,157.0,298.0,3.0,74.16666666666667,ug/m3,resolved,3.0,63.43333333333334,ug/m3,resolved,3.0,94.62333333333333,ppb,resolved,2.0,82.25,ppb,resolved,2.0,85.44999999999999,ppm,resolved,2.0,87.35,ppb,resolved,31.0,31.0,100.0,monthly_report_table_6,mean=unweighted mean of station monthly averages; min/max=extreme station monthly values; pollutant medians unavailable in source reports,Dhaka reporting stations/city AQI
2026-01-01,2026,1,January,Winter,131.23333333333335,,20.1,364.3,167.33333333333334,,19.8,313.4,18.096666666666668,,1.4,55.0,11.15,,1.1,41.8,0.75,,0.1,9.9,19.6,,0.2,169.5,239.58064516129033,232.0,166.0,339.0,3.0,74.16666666666667,ug/m3,resolved,3.0,63.43333333333334,ug/m3,resolved,3.0,94.62333333333333,ppb,resolved,2.0,82.25,ppb,resolved,2.0,85.44999999999999,ppm,resolved,2.0,87.35,ppb,resolved,31.0,31.0,100.0,monthly_report_table_6,mean=unweighted mean of station monthly averages; min/max=extreme station monthly values; pollutant medians unavailable in source reports,Dhaka reporting stations/city AQI
2026-02-01,2026,2,February,Winter,165.53333333333333,,18.3,283.7,244.35,,176.9,346.4,21.065,,3.85,60.2,9.15,,0.4,33.5,0.75,,0.1,2.5,13.450000000000001,,0.2,42.5,192.53571428571428,195.5,145.0,232.0,3.0,65.60000000000001,not_resolved,partly_or_fully_unresolved_in_summary_table,2.0,83.85,not_resolved,partly_or_fully_unresolved_in_summary_table,2.0,88.69999999999999,not_resolved,partly_or_fully_unresolved_in_summary_table,2.0,82.25,not_resolved,partly_or_fully_unresolved_in_summary_table,2.0,93.2,not_resolved,partly_or_fully_unresolved_in_summary_table,2.0,97.0,not_resolved,partly_or_fully_unresolved_in_summary_table,28.0,28.0,100.0,monthly_report_table_6,mean=unweighted mean of station monthly averages; min/max=extreme station monthly values; pollutant medians unavailable in source reports,Dhaka reporting stations/city AQI
2026-03-01,2026,3,March,Pre-monsoon,90.55,,35.4,260.4,141.0,,65.4,356.2,15.665,,4.22,48.6,8.35,,2.1,18.9,0.8,,0.0,2.3,8.4,,0.1,49.3,171.5483870967742,160.0,115.0,306.0,2.0,96.75,not_resolved,partly_or_fully_unresolved_in_summary_table,1.0,61.3,not_resolved,partly_or_fully_unresolved_in_summary_table,2.0,100.0,not_resolved,partly_or_fully_unresolved_in_summary_table,2.0,90.35,not_resolved,partly_or_fully_unresolved_in_summary_table,2.0,62.849999999999994,not_resolved,partly_or_fully_unresolved_in_summary_table,2.0,98.2,not_resolved,partly_or_fully_unresolved_in_summary_table,31.0,31.0,100.0,monthly_report_table_6,mean=unweighted mean of station monthly averages; min/max=extreme station monthly values; pollutant medians unavailable in source reports,Dhaka reporting stations/city AQI
2026-04-01,2026,4,April,Pre-monsoon,45.5,,4.5,123.5,84.33333333333333,,36.1,196.8,14.3,,2.83,79.12,10.75,,2.1,27.3,2.85,,0.0,14.3,48.2,,0.7,145.4,148.2,154.0,61.0,183.0,3.0,60.199999999999996,ug/m3,resolved,3.0,82.8,ug/m3,resolved,2.0,96.785,ppb,resolved,2.0,96.8,ppb,resolved,2.0,67.6,ppm,resolved,2.0,70.85,ppb,resolved,30.0,30.0,100.0,monthly_report_table_6,mean=unweighted mean of station monthly averages; min/max=extreme station monthly values; pollutant medians unavailable in source reports,Dhaka reporting stations/city AQI
2026-05-01,2026,5,May,Pre-monsoon,,,,,,,,,,,,,,,,,,,,,,,,,137.67741935483872,145.0,87.0,168.0,,,,,,,,,,,,,,,,,,,,,,,,,31.0,31.0,100.0,standalone_daily_archive_report_date,mean=unweighted mean of station monthly averages; min/max=extreme station monthly values; pollutant medians unavailable in source reports,Dhaka reporting stations/city AQI
2026-06-01,2026,6,June,Monsoon,,,,,,,,,,,,,,,,,,,,,,,,,119.1,119.0,84.0,156.0,,,,,,,,,,,,,,,,,,,,,,,,,30.0,30.0,100.0,standalone_daily_archive_report_date,mean=unweighted mean of station monthly averages; min/max=extreme station monthly values; pollutant medians unavailable in source reports,Dhaka reporting stations/city AQI
2026-07-01,2026,7,July,Monsoon,,,,,,,,,,,,,,,,,,,,,,,,,105.42857142857143,105.5,81.0,135.0,,,,,,,,,,,,,,,,,,,,,,,,,14.0,31.0,45.16129032258065,standalone_daily_archive_report_date,mean=unweighted mean of station monthly averages; min/max=extreme station monthly values; pollutant medians unavailable in source reports,Dhaka reporting stations/city AQI
