stage,period,source_url,severity,issue
monthly_record_validation,2018-07,https://objectstorage.ap-dcc-gazipur-1.oraclecloud15.com/n/axvjbnqprylg/b/V2Ministry/o/office-doe/2024/12/359eded87bf442109c3776a6129601e6.pdf,warning,"Pollutant blocks not extracted: PM10, PM2.5"
monthly_record_validation,2019-05,https://objectstorage.ap-dcc-gazipur-1.oraclecloud15.com/n/axvjbnqprylg/b/V2Ministry/o/office-doe/2024/12/bcf40dba7b3c4496a20c08fd5cf5dd44.pdf,warning,"Pollutant blocks not extracted: PM10, PM2.5"
monthly_record_validation,2018-09,https://objectstorage.ap-dcc-gazipur-1.oraclecloud15.com/n/axvjbnqprylg/b/V2Ministry/o/office-doe/2024/12/be57779e0e0349349027409648e7cae6.pdf,warning,"Pollutant blocks not extracted: PM10, PM2.5"
monthly_record_validation,2017-07,https://objectstorage.ap-dcc-gazipur-1.oraclecloud15.com/n/axvjbnqprylg/b/V2Ministry/o/office-doe/2024/12/d1c920e7159149fa96f8a9c8fb0b8468.pdf,warning,"Pollutant blocks not extracted: PM10, PM2.5"
monthly_record_validation,2016-01,https://objectstorage.ap-dcc-gazipur-1.oraclecloud15.com/n/axvjbnqprylg/b/V2Ministry/o/office-doe/2024/12/1446da8e8beb4e03badb6008db0a8c85.pdf,warning,"Pollutant blocks not extracted: PM10, PM2.5"
monthly_record_validation,2017-05,https://objectstorage.ap-dcc-gazipur-1.oraclecloud15.com/n/axvjbnqprylg/b/V2Ministry/o/office-doe/2024/12/da65cb35727b4fc79731438c5574f833.pdf,warning,"Pollutant blocks not extracted: CO, NO2, O3, SO2"
monthly_record_validation,2013-06,https://objectstorage.ap-dcc-gazipur-1.oraclecloud15.com/n/axvjbnqprylg/b/V2Ministry/o/office-doe/2024/12/23b07d21c04d414483cb364159111bd4.pdf,warning,"Pollutant blocks not extracted: PM10, PM2.5"
monthly_record_validation,2013-05,https://objectstorage.ap-dcc-gazipur-1.oraclecloud15.com/n/axvjbnqprylg/b/V2Ministry/o/office-doe/2024/12/76409334b13b44888d9dfc814070e61c.pdf,warning,"Pollutant blocks not extracted: PM10, PM2.5"
daily_record_validation,2023-05-24,https://objectstorage.ap-dcc-gazipur-1.oraclecloud15.com/n/axvjbnqprylg/b/V2Ministry/o/office-doe/2024/12/3351c3b24b384abfae2105de7e21446b.docx,warning,document_date_mismatch
daily_record_validation,2023-07-28,https://objectstorage.ap-dcc-gazipur-1.oraclecloud15.com/n/axvjbnqprylg/b/V2Ministry/o/office-doe/2024/12/9e91b32ef7a0443b81c7c2b711817be6.docx,warning,document_date_mismatch
daily_record_validation,2023-08-10,https://objectstorage.ap-dcc-gazipur-1.oraclecloud15.com/n/axvjbnqprylg/b/V2Ministry/o/office-doe/2024/12/6426f9dc091f4e3fb04048c9005ea267.docx,warning,document_date_mismatch
daily_record_validation,2023-08-14,https://objectstorage.ap-dcc-gazipur-1.oraclecloud15.com/n/axvjbnqprylg/b/V2Ministry/o/office-doe/2024/12/57b4c94df04c4f228cd669a5fab20de5.docx,warning,document_date_mismatch
daily_record_validation,2023-09-01,https://objectstorage.ap-dcc-gazipur-1.oraclecloud15.com/n/axvjbnqprylg/b/V2Ministry/o/office-doe/2024/12/3393c598871d4c8a82c91f9bb665110b.docx,warning,document_date_mismatch
daily_record_validation,2023-09-07,https://objectstorage.ap-dcc-gazipur-1.oraclecloud15.com/n/axvjbnqprylg/b/V2Ministry/o/office-doe/2024/12/0d1bfd497349417a91b2122c52c576c5.docx,warning,document_date_mismatch
daily_record_validation,2023-09-02,https://objectstorage.ap-dcc-gazipur-1.oraclecloud15.com/n/axvjbnqprylg/b/V2Ministry/o/office-doe/2024/12/23407579859341189b7dfb2488183abf.docx,warning,document_date_mismatch
daily_record_validation,2023-09-06,https://objectstorage.ap-dcc-gazipur-1.oraclecloud15.com/n/axvjbnqprylg/b/V2Ministry/o/office-doe/2024/12/4d18182d2d6543fc95fa7330dc5584c1.docx,warning,document_date_mismatch
daily_record_validation,2023-09-09,https://objectstorage.ap-dcc-gazipur-1.oraclecloud15.com/n/axvjbnqprylg/b/V2Ministry/o/office-doe/2024/12/ea3fd6ec0ef94d19a64706bf6a9ef5e2.docx,warning,document_date_mismatch
daily_record_validation,2023-09-08,https://objectstorage.ap-dcc-gazipur-1.oraclecloud15.com/n/axvjbnqprylg/b/V2Ministry/o/office-doe/2024/12/5d79c46e7a3244ac8c1d797a6cae93ad.docx,warning,document_date_mismatch
daily_record_validation,2023-10-02,https://objectstorage.ap-dcc-gazipur-1.oraclecloud15.com/n/axvjbnqprylg/b/V2Ministry/o/office-doe/2024/12/ea103d807e4245ff97754e4c5acd061a.docx,warning,document_date_mismatch
daily_record_validation,2023-10-18,https://objectstorage.ap-dcc-gazipur-1.oraclecloud15.com/n/axvjbnqprylg/b/V2Ministry/o/office-doe/2024/12/32e033674038465db20e718072ee09b7.docx,warning,document_date_mismatch
daily_record_validation,2023-10-20,https://objectstorage.ap-dcc-gazipur-1.oraclecloud15.com/n/axvjbnqprylg/b/V2Ministry/o/office-doe/2024/12/269246af186648df890a95565d337c15.docx,warning,document_date_mismatch
daily_record_validation,2023-11-04,https://objectstorage.ap-dcc-gazipur-1.oraclecloud15.com/n/axvjbnqprylg/b/V2Ministry/o/office-doe/2024/12/d89213323e804432937abf76d4b411e9.docx,warning,conflicting_duplicate_date
daily_record_validation,2023-11-03,https://objectstorage.ap-dcc-gazipur-1.oraclecloud15.com/n/axvjbnqprylg/b/V2Ministry/o/office-doe/2024/12/99b4dd8b2c5f48b88a15e3bf976f3f58.docx,warning,document_date_mismatch
daily_record_validation,2023-10-27,https://objectstorage.ap-dcc-gazipur-1.oraclecloud15.com/n/axvjbnqprylg/b/V2Ministry/o/office-doe/2024/12/2463cec2e7314358b26bce540a0e9904.docx,warning,document_date_mismatch
daily_record_validation,2023-11-04,https://objectstorage.ap-dcc-gazipur-1.oraclecloud15.com/n/axvjbnqprylg/b/V2Ministry/o/office-doe/2024/12/bfeddbca77c648fdb27f103fbb9aa965.docx,warning,conflicting_duplicate_date
daily_record_validation,2023-11-06,https://objectstorage.ap-dcc-gazipur-1.oraclecloud15.com/n/axvjbnqprylg/b/V2Ministry/o/office-doe/2024/12/69e81759e5bf4b5ca07af61d98ff67b8.docx,warning,document_date_mismatch
daily_record_validation,2023-12-03,https://objectstorage.ap-dcc-gazipur-1.oraclecloud15.com/n/axvjbnqprylg/b/V2Ministry/o/office-doe/2024/12/8dfe8a3ea9e54f3db31f639c544ce030.docx,warning,document_date_mismatch
daily_record_validation,2024-02-03,https://objectstorage.ap-dcc-gazipur-1.oraclecloud15.com/n/axvjbnqprylg/b/V2Ministry/o/office-doe/2024/12/955941658dc647209a1d87382c556258.docx,warning,document_date_mismatch
daily_record_validation,2024-03-05,https://objectstorage.ap-dcc-gazipur-1.oraclecloud15.com/n/axvjbnqprylg/b/V2Ministry/o/office-doe/2024/12/01846b7304fd41869f8060739b85fc87.docx,warning,document_date_mismatch
daily_record_validation,2024-03-02,https://objectstorage.ap-dcc-gazipur-1.oraclecloud15.com/n/axvjbnqprylg/b/V2Ministry/o/office-doe/2024/12/f5121f88ffe9473899ac509a130c8cc2.docx,warning,document_date_mismatch
daily_record_validation,2024-03-06,https://objectstorage.ap-dcc-gazipur-1.oraclecloud15.com/n/axvjbnqprylg/b/V2Ministry/o/office-doe/2024/12/01846b7304fd41869f8060739b85fc87.docx,warning,document_date_mismatch
daily_record_validation,2024-05-01,https://objectstorage.ap-dcc-gazipur-1.oraclecloud15.com/n/axvjbnqprylg/b/V2Ministry/o/office-doe/2024/12/bab952a80c9b41f2963d38c453571a22.docx,warning,document_date_mismatch
daily_record_validation,2024-06-13,https://objectstorage.ap-dcc-gazipur-1.oraclecloud15.com/n/axvjbnqprylg/b/V2Ministry/o/office-doe/2024/12/ad4173bd87624375935fb6ac25d6cff1.docx,warning,document_date_mismatch
daily_record_validation,2024-06-22,https://objectstorage.ap-dcc-gazipur-1.oraclecloud15.com/n/axvjbnqprylg/b/V2Ministry/o/office-doe/2024/12/317266ac3da543fe98d68843c740e38c.docx,warning,document_date_mismatch
daily_record_validation,2024-07-01,https://objectstorage.ap-dcc-gazipur-1.oraclecloud15.com/n/axvjbnqprylg/b/V2Ministry/o/office-doe/2024/12/4e04a3502277469ea970c459b8dcf7f0.docx,warning,document_date_mismatch
daily_record_validation,2024-07-03,https://objectstorage.ap-dcc-gazipur-1.oraclecloud15.com/n/axvjbnqprylg/b/V2Ministry/o/office-doe/2024/12/bf9ff02ff6dc4398a7b2a15277ba8ed8.docx,warning,document_date_mismatch
daily_record_validation,2024-07-24,https://objectstorage.ap-dcc-gazipur-1.oraclecloud15.com/n/axvjbnqprylg/b/V2Ministry/o/office-doe/2024/12/3a1edddd412b4755a5d629fb364a225a.docx,warning,document_date_mismatch
daily_record_validation,2024-08-03,https://objectstorage.ap-dcc-gazipur-1.oraclecloud15.com/n/axvjbnqprylg/b/V2Ministry/o/office-doe/2024/12/2f42939e7cc74393afdd9900de9886e8.docx,warning,document_date_mismatch
daily_record_validation,2024-08-11,https://objectstorage.ap-dcc-gazipur-1.oraclecloud15.com/n/axvjbnqprylg/b/V2Ministry/o/office-doe/2024/12/bea995997f7a48e19509d49698797b82.docx,warning,document_date_mismatch
daily_record_validation,2024-08-10,https://objectstorage.ap-dcc-gazipur-1.oraclecloud15.com/n/axvjbnqprylg/b/V2Ministry/o/office-doe/2024/12/b99bebb01752444a95c5a67f91e54a50.docx,warning,document_date_mismatch
daily_record_validation,2024-08-09,https://objectstorage.ap-dcc-gazipur-1.oraclecloud15.com/n/axvjbnqprylg/b/V2Ministry/o/office-doe/2024/12/82059e67418e465da150ab6de19c15a4.docx,warning,document_date_mismatch
daily_record_validation,2025-02-08,https://objectstorage.ap-dcc-gazipur-1.oraclecloud15.com/n/axvjbnqprylg/b/V2Ministry/o/office-doe/2024/12/1c6a4a8acf004dd39e945b0295a0f1f5.pdf,warning,document_date_mismatch
daily_record_validation,2025-05-04,https://objectstorage.ap-dcc-gazipur-1.oraclecloud15.com/n/axvjbnqprylg/b/V2Ministry/o/office-doe/2024/12/0d411fc2a5044e2399a1f51588e68aec.pdf,warning,document_date_mismatch
daily_record_validation,2025-05-05,https://objectstorage.ap-dcc-gazipur-1.oraclecloud15.com/n/axvjbnqprylg/b/V2Ministry/o/office-doe/2024/12/d3e166fe7b194c84ac11f862ac78e641.pdf,warning,document_date_mismatch
daily_record_validation,2025-05-08,https://objectstorage.ap-dcc-gazipur-1.oraclecloud15.com/n/axvjbnqprylg/b/V2Ministry/o/office-doe/2024/12/4c7b5a8cd5824810872c1ae2f0e5cc43.pdf,warning,document_date_mismatch
daily_record_validation,2025-05-09,https://objectstorage.ap-dcc-gazipur-1.oraclecloud15.com/n/axvjbnqprylg/b/V2Ministry/o/office-doe/2024/12/b4ed3dd4a3ca4d94a073d335354a7636.pdf,warning,document_date_mismatch
daily_record_validation,2025-05-03,https://objectstorage.ap-dcc-gazipur-1.oraclecloud15.com/n/axvjbnqprylg/b/V2Ministry/o/office-doe/2024/12/be76392516db4fe1ba8911f49438fad8.pdf,warning,document_date_mismatch
daily_record_validation,2025-05-11,https://objectstorage.ap-dcc-gazipur-1.oraclecloud15.com/n/axvjbnqprylg/b/V2Ministry/o/office-doe/2024/12/b5868a0ec9be4c8aa050f45b1ba3393f.pdf,warning,document_date_mismatch
daily_record_validation,2025-05-06,https://objectstorage.ap-dcc-gazipur-1.oraclecloud15.com/n/axvjbnqprylg/b/V2Ministry/o/office-doe/2024/12/e96d5075792d40f49a75045e6c2277c9.pdf,warning,document_date_mismatch
daily_record_validation,2025-05-01,https://objectstorage.ap-dcc-gazipur-1.oraclecloud15.com/n/axvjbnqprylg/b/V2Ministry/o/office-doe/2024/12/fc719b5f5b7c44f3aad235aba5f4c984.pdf,warning,document_date_mismatch
daily_record_validation,2025-05-02,https://objectstorage.ap-dcc-gazipur-1.oraclecloud15.com/n/axvjbnqprylg/b/V2Ministry/o/office-doe/2024/12/d5567e33f4674274b47569b4c3e9bda6.pdf,warning,document_date_mismatch
daily_record_validation,2025-05-10,https://objectstorage.ap-dcc-gazipur-1.oraclecloud15.com/n/axvjbnqprylg/b/V2Ministry/o/office-doe/2024/12/8460010e729446c0a7e7657c49a6aee4.pdf,warning,document_date_mismatch
daily_record_validation,2025-05-07,https://objectstorage.ap-dcc-gazipur-1.oraclecloud15.com/n/axvjbnqprylg/b/V2Ministry/o/office-doe/2024/12/72cf728c419c40229af3beecc2aa6c0a.pdf,warning,document_date_mismatch
daily_record_validation,2025-05-12,https://objectstorage.ap-dcc-gazipur-1.oraclecloud15.com/n/axvjbnqprylg/b/V2Ministry/o/office-doe/2024/12/d2da118b057a44738f1d49dd4039c032.pdf,warning,document_date_mismatch
daily_record_validation,2025-05-13,https://objectstorage.ap-dcc-gazipur-1.oraclecloud15.com/n/axvjbnqprylg/b/V2Ministry/o/office-doe/2024/12/c960ca98273b41778a58740f2a68b3de.pdf,warning,document_date_mismatch
daily_record_validation,2025-05-14,https://objectstorage.ap-dcc-gazipur-1.oraclecloud15.com/n/axvjbnqprylg/b/V2Ministry/o/office-doe/2024/12/15006764f4134c248be44fe498dc3b61.pdf,warning,document_date_mismatch
daily_record_validation,2025-05-15,https://objectstorage.ap-dcc-gazipur-1.oraclecloud15.com/n/axvjbnqprylg/b/V2Ministry/o/office-doe/2024/12/348038141d4f4c8cacdf05bb43539a85.pdf,warning,document_date_mismatch
daily_record_validation,2025-05-16,https://objectstorage.ap-dcc-gazipur-1.oraclecloud15.com/n/axvjbnqprylg/b/V2Ministry/o/office-doe/2024/12/c2f5a2b411ed401694e91f46aee9d3df.pdf,warning,document_date_mismatch
daily_record_validation,2025-06-11,https://objectstorage.ap-dcc-gazipur-1.oraclecloud15.com/n/axvjbnqprylg/b/V2Ministry/o/office-doe/2024/12/3ef7254f8f8b412bbd01b3c45601acef.pdf,warning,document_date_mismatch
daily_record_validation,2025-06-27,https://objectstorage.ap-dcc-gazipur-1.oraclecloud15.com/n/axvjbnqprylg/b/V2Ministry/o/office-doe/2024/12/2a9942595b3a428698e446660aaf447e.pdf,warning,document_date_mismatch
daily_record_validation,2025-08-08,https://objectstorage.ap-dcc-gazipur-1.oraclecloud15.com/n/axvjbnqprylg/b/V2Ministry/o/office-doe/2024/12/f241557abff943e0b078afab0bbfeb53.pdf,warning,document_date_mismatch
daily_record_validation,2025-08-28,https://objectstorage.ap-dcc-gazipur-1.oraclecloud15.com/n/axvjbnqprylg/b/V2Ministry/o/office-doe/2024/12/d020fb40b6504c898f87eeaf0bc55f61.pdf,warning,document_date_mismatch
daily_record_validation,2025-12-01,https://objectstorage.ap-dcc-gazipur-1.oraclecloud15.com/n/axvjbnqprylg/b/V2Ministry/o/office-doe/2024/12/f1ea5f9a41df4c78b42246158c512675.pdf,warning,document_date_mismatch
daily_record_validation,2025-11-30,https://objectstorage.ap-dcc-gazipur-1.oraclecloud15.com/n/axvjbnqprylg/b/V2Ministry/o/office-doe/2024/12/f1ea5f9a41df4c78b42246158c512675.pdf,warning,document_date_mismatch
daily_record_validation,2025-12-23,https://objectstorage.ap-dcc-gazipur-1.oraclecloud15.com/n/axvjbnqprylg/b/V2Ministry/o/office-doe/2024/12/07a737f2bb314613b56f6824b1f4772d.pdf,warning,document_date_mismatch
daily_record_validation,2025-12-22,https://objectstorage.ap-dcc-gazipur-1.oraclecloud15.com/n/axvjbnqprylg/b/V2Ministry/o/office-doe/2024/12/d79bf24d5ffc4864857688c346921574.pdf,warning,document_date_mismatch
daily_record_validation,2026-01-12,https://objectstorage.ap-dcc-gazipur-1.oraclecloud15.com/n/axvjbnqprylg/b/V2Ministry/o/office-doe/2026/0/4dfde641-7890-4418-97f4-6c6fe021501d.pdf,warning,document_date_mismatch
daily_record_validation,2026-01-11,https://objectstorage.ap-dcc-gazipur-1.oraclecloud15.com/n/axvjbnqprylg/b/V2Ministry/o/office-doe/2026/0/83411a6e-50f5-4ab3-b022-050430e9f7af.pdf,warning,document_date_mismatch
daily_record_validation,2026-01-25,https://objectstorage.ap-dcc-gazipur-1.oraclecloud15.com/n/axvjbnqprylg/b/V2Ministry/o/office-doe/2026/0/19d3cdcf-f6bc-43da-bf03-2e821ecb60dd.pdf,warning,document_date_mismatch
daily_record_validation,2026-02-22,https://objectstorage.ap-dcc-gazipur-1.oraclecloud15.com/n/axvjbnqprylg/b/V2Ministry/o/office-doe/2026/1/4c5255fc-1722-459b-b3c2-31e4025dcc61.pdf,warning,document_date_mismatch
daily_record_validation,2026-02-28,https://objectstorage.ap-dcc-gazipur-1.oraclecloud15.com/n/axvjbnqprylg/b/V2Ministry/o/office-doe/2026/2/b1597e5a-5063-49f3-9b62-aa137721384b.pdf,warning,document_date_mismatch
daily_record_validation,2026-03-24,https://objectstorage.ap-dcc-gazipur-1.oraclecloud15.com/n/axvjbnqprylg/b/V2Ministry/o/office-doe/2026/2/9032367f-665f-4c34-bbb3-249485277c72.pdf,warning,document_date_mismatch
daily_record_validation,2026-04-01,https://objectstorage.ap-dcc-gazipur-1.oraclecloud15.com/n/axvjbnqprylg/b/V2Ministry/o/office-doe/2026/3/fdb1b221-d117-45f8-917a-40acd3df0f7b.pdf,warning,document_date_mismatch
daily_record_validation,2026-06-01,https://objectstorage.ap-dcc-gazipur-1.oraclecloud15.com/n/axvjbnqprylg/b/V2Ministry/o/office-doe/2026/5/7f1b9ab3-138a-48ce-801b-f962f2a4a0a6.pdf,warning,document_date_mismatch
